[     764ms] [ERROR] Failed to load resource: the server responded with a status of 404 (Not Found) @ http://localhost:6006/favicon.ico:0
[    2678ms] [INFO] %cDownload the React DevTools for a better development experience: https://react.dev/link/react-devtools font-weight:bold @ http://localhost:6006/node_modules/.cache/storybook/eec3b1947cadd2d2762da73fc5b1aab48776e4812fe40cf815bc1a8cead41184/sb-vite/deps/chunk-NMQXOOAL.js?v=beb8b176:20102
[  180586ms] [INFO] %cDownload the React DevTools for a better development experience: https://react.dev/link/react-devtools font-weight:bold @ http://localhost:6006/node_modules/.cache/storybook/eec3b1947cadd2d2762da73fc5b1aab48776e4812fe40cf815bc1a8cead41184/sb-vite/deps/chunk-NMQXOOAL.js?v=beb8b176:20102
[ 2775613ms] [INFO] %cDownload the React DevTools for a better development experience: https://react.dev/link/react-devtools font-weight:bold @ http://localhost:6006/node_modules/.cache/storybook/eec3b1947cadd2d2762da73fc5b1aab48776e4812fe40cf815bc1a8cead41184/sb-vite/deps/chunk-NMQXOOAL.js?v=beb8b176:20102
[ 2794121ms] [INFO] %cDownload the React DevTools for a better development experience: https://react.dev/link/react-devtools font-weight:bold @ http://localhost:6006/node_modules/.cache/storybook/eec3b1947cadd2d2762da73fc5b1aab48776e4812fe40cf815bc1a8cead41184/sb-vite/deps/chunk-NMQXOOAL.js?v=beb8b176:20102
[ 3028266ms] [INFO] %cDownload the React DevTools for a better development experience: https://react.dev/link/react-devtools font-weight:bold @ http://localhost:6006/node_modules/.cache/storybook/eec3b1947cadd2d2762da73fc5b1aab48776e4812fe40cf815bc1a8cead41184/sb-vite/deps/chunk-NMQXOOAL.js?v=beb8b176:20102
[ 3304704ms] [ERROR] Failed to load resource: the server responded with a status of 404 (Not Found) @ http://localhost:6006/src/components/article-page.tsx?t=1778902816765:0
[ 3304705ms] [ERROR] TypeError: Failed to fetch dynamically imported module: http://localhost:6006/src/stories/ArticlePage.stories.tsx?t=1778902816765 @ http://localhost:6006/node_modules/.cache/storybook/eec3b1947cadd2d2762da73fc5b1aab48776e4812fe40cf815bc1a8cead41184/sb-vite/deps/storybook_internal_preview_runtime.js?v=beb8b176:4636
[ 3658525ms] [INFO] %cDownload the React DevTools for a better development experience: https://react.dev/link/react-devtools font-weight:bold @ http://localhost:6006/node_modules/.cache/storybook/eec3b1947cadd2d2762da73fc5b1aab48776e4812fe40cf815bc1a8cead41184/sb-vite/deps/chunk-NMQXOOAL.js?v=beb8b176:20102
[ 3687263ms] [INFO] %cDownload the React DevTools for a better development experience: https://react.dev/link/react-devtools font-weight:bold @ http://localhost:6006/node_modules/.cache/storybook/eec3b1947cadd2d2762da73fc5b1aab48776e4812fe40cf815bc1a8cead41184/sb-vite/deps/chunk-NMQXOOAL.js?v=beb8b176:20102
[ 3910447ms] [INFO] %cDownload the React DevTools for a better development experience: https://react.dev/link/react-devtools font-weight:bold @ http://localhost:6006/node_modules/.cache/storybook/eec3b1947cadd2d2762da73fc5b1aab48776e4812fe40cf815bc1a8cead41184/sb-vite/deps/chunk-NMQXOOAL.js?v=beb8b176:20102
[ 5387843ms] [INFO] %cDownload the React DevTools for a better development experience: https://react.dev/link/react-devtools font-weight:bold @ http://localhost:6006/node_modules/.cache/storybook/eec3b1947cadd2d2762da73fc5b1aab48776e4812fe40cf815bc1a8cead41184/sb-vite/deps/chunk-NMQXOOAL.js?v=beb8b176:20102
[ 5406108ms] [INFO] %cDownload the React DevTools for a better development experience: https://react.dev/link/react-devtools font-weight:bold @ http://localhost:6006/node_modules/.cache/storybook/eec3b1947cadd2d2762da73fc5b1aab48776e4812fe40cf815bc1a8cead41184/sb-vite/deps/chunk-NMQXOOAL.js?v=beb8b176:20102
[ 5422682ms] [INFO] %cDownload the React DevTools for a better development experience: https://react.dev/link/react-devtools font-weight:bold @ http://localhost:6006/node_modules/.cache/storybook/eec3b1947cadd2d2762da73fc5b1aab48776e4812fe40cf815bc1a8cead41184/sb-vite/deps/chunk-NMQXOOAL.js?v=beb8b176:20102
[ 5587109ms] [INFO] %cDownload the React DevTools for a better development experience: https://react.dev/link/react-devtools font-weight:bold @ http://localhost:6006/node_modules/.cache/storybook/eec3b1947cadd2d2762da73fc5b1aab48776e4812fe40cf815bc1a8cead41184/sb-vite/deps/chunk-NMQXOOAL.js?v=beb8b176:20102
[ 5598942ms] [LOG] [vite] server connection lost. Polling for restart... @ http://localhost:6006/@vite/client:963
[ 6683187ms] [INFO] %cDownload the React DevTools for a better development experience: https://react.dev/link/react-devtools font-weight:bold @ http://localhost:6006/node_modules/.cache/storybook/eec3b1947cadd2d2762da73fc5b1aab48776e4812fe40cf815bc1a8cead41184/sb-vite/deps/chunk-NMQXOOAL.js?v=beb8b176:20102
[12864038ms] [INFO] %cDownload the React DevTools for a better development experience: https://react.dev/link/react-devtools font-weight:bold @ http://localhost:6006/node_modules/.cache/storybook/eec3b1947cadd2d2762da73fc5b1aab48776e4812fe40cf815bc1a8cead41184/sb-vite/deps/chunk-NMQXOOAL.js?v=beb8b176:20102
[30131466ms] [LOG] [vite] server connection lost. Polling for restart... @ http://localhost:6006/@vite/client:963
[30181410ms] [INFO] %cDownload the React DevTools for a better development experience: https://react.dev/link/react-devtools font-weight:bold @ http://localhost:6006/node_modules/.cache/storybook/eec3b1947cadd2d2762da73fc5b1aab48776e4812fe40cf815bc1a8cead41184/sb-vite/deps/chunk-NMQXOOAL.js?v=beb8b176:20102
[31160401ms] [INFO] %cDownload the React DevTools for a better development experience: https://react.dev/link/react-devtools font-weight:bold @ http://localhost:6006/node_modules/.cache/storybook/eec3b1947cadd2d2762da73fc5b1aab48776e4812fe40cf815bc1a8cead41184/sb-vite/deps/chunk-NMQXOOAL.js?v=beb8b176:20102
[31179607ms] [INFO] %cDownload the React DevTools for a better development experience: https://react.dev/link/react-devtools font-weight:bold @ http://localhost:6006/node_modules/.cache/storybook/eec3b1947cadd2d2762da73fc5b1aab48776e4812fe40cf815bc1a8cead41184/sb-vite/deps/chunk-NMQXOOAL.js?v=beb8b176:20102
[31406801ms] [INFO] %cDownload the React DevTools for a better development experience: https://react.dev/link/react-devtools font-weight:bold @ http://localhost:6006/node_modules/.cache/storybook/eec3b1947cadd2d2762da73fc5b1aab48776e4812fe40cf815bc1a8cead41184/sb-vite/deps/chunk-NMQXOOAL.js?v=beb8b176:20102
[32270579ms] [ERROR] Global args/argTypes can only be set globally {"globals":{"brand":"cosmopolitan"}} @ http://localhost:6006/node_modules/.cache/storybook/eec3b1947cadd2d2762da73fc5b1aab48776e4812fe40cf815bc1a8cead41184/sb-vite/deps/storybook_internal_preview_runtime.js?v=beb8b176:4636
[32270582ms] [INFO] %cDownload the React DevTools for a better development experience: https://react.dev/link/react-devtools font-weight:bold @ http://localhost:6006/node_modules/.cache/storybook/eec3b1947cadd2d2762da73fc5b1aab48776e4812fe40cf815bc1a8cead41184/sb-vite/deps/chunk-NMQXOOAL.js?v=beb8b176:20102
[32309851ms] [ERROR] Global args/argTypes can only be set globally {"globals":{"brand":"cosmopolitan"}} @ http://localhost:6006/node_modules/.cache/storybook/eec3b1947cadd2d2762da73fc5b1aab48776e4812fe40cf815bc1a8cead41184/sb-vite/deps/storybook_internal_preview_runtime.js?v=beb8b176:4636
[32360117ms] [ERROR] Global args/argTypes can only be set globally {"globals":{"brand":"cosmopolitan"}} @ http://localhost:6006/node_modules/.cache/storybook/eec3b1947cadd2d2762da73fc5b1aab48776e4812fe40cf815bc1a8cead41184/sb-vite/deps/storybook_internal_preview_runtime.js?v=beb8b176:4636
[32368613ms] [ERROR] Global args/argTypes can only be set globally {"globals":{"brand":"cosmopolitan"}} @ http://localhost:6006/node_modules/.cache/storybook/eec3b1947cadd2d2762da73fc5b1aab48776e4812fe40cf815bc1a8cead41184/sb-vite/deps/storybook_internal_preview_runtime.js?v=beb8b176:4636
[35488947ms] [ERROR] SB_PREVIEW_API_0001 (MissingStoryAfterHmrError): Couldn't find story matching id 'templates-article-page--editorial-feature' after HMR.
- Did you just rename a story?
- Did you remove it from your CSF file?
- Are you sure a story with the id 'templates-article-page--editorial-feature' exists?
- Please check the values in the stories field of your main.js config and see if they would match your CSF File.
- Also check the browser console and terminal for potential error messages.
    at StoryIndexStore.storyIdToEntry (http://localhost:6006/node_modules/.cache/storybook/eec3b1947cadd2d2762da73fc5b1aab48776e4812fe40cf815bc1a8cead41184/sb-vite/deps/storybook_internal_preview_runtime.js?v=beb8b176:7152:13)
    at StoryStore.storyIdToEntry (http://localhost:6006/node_modules/.cache/storybook/eec3b1947cadd2d2762da73fc5b1aab48776e4812fe40cf815bc1a8cead41184/sb-vite/deps/storybook_internal_preview_runtime.js?v=beb8b176:8047:28)
    at ns2.renderSelection (http://localhost:6006/node_modules/.cache/storybook/eec3b1947cadd2d2762da73fc5b1aab48776e4812fe40cf815bc1a8cead41184/sb-vite/deps/storybook_internal_preview_runtime.js?v=beb8b176:9217:38)
    at ns2.onStoriesChanged (http://localhost:6006/node_modules/.cache/storybook/eec3b1947cadd2d2762da73fc5b1aab48776e4812fe40cf815bc1a8cead41184/sb-vite/deps/storybook_internal_preview_runtime.js?v=beb8b176:9171:110)
    at async ns2.onStoryIndexChanged (http://localhost:6006/node_modules/.cache/storybook/eec3b1947cadd2d2762da73fc5b1aab48776e4812fe40cf815bc1a8cead41184/sb-vite/deps/storybook_internal_preview_runtime.js?v=beb8b176:8669:9) @ http://localhost:6006/node_modules/.cache/storybook/eec3b1947cadd2d2762da73fc5b1aab48776e4812fe40cf815bc1a8cead41184/sb-vite/deps/storybook_internal_preview_runtime.js?v=beb8b176:4636
[35489607ms] [ERROR] SB_PREVIEW_API_0001 (MissingStoryAfterHmrError): Couldn't find story matching id 'templates-article-page--editorial-feature' after HMR.
- Did you just rename a story?
- Did you remove it from your CSF file?
- Are you sure a story with the id 'templates-article-page--editorial-feature' exists?
- Please check the values in the stories field of your main.js config and see if they would match your CSF File.
- Also check the browser console and terminal for potential error messages.
    at StoryIndexStore.storyIdToEntry (http://localhost:6006/node_modules/.cache/storybook/eec3b1947cadd2d2762da73fc5b1aab48776e4812fe40cf815bc1a8cead41184/sb-vite/deps/storybook_internal_preview_runtime.js?v=beb8b176:7152:13)
    at StoryStore.storyIdToEntry (http://localhost:6006/node_modules/.cache/storybook/eec3b1947cadd2d2762da73fc5b1aab48776e4812fe40cf815bc1a8cead41184/sb-vite/deps/storybook_internal_preview_runtime.js?v=beb8b176:8047:28)
    at ns2.renderSelection (http://localhost:6006/node_modules/.cache/storybook/eec3b1947cadd2d2762da73fc5b1aab48776e4812fe40cf815bc1a8cead41184/sb-vite/deps/storybook_internal_preview_runtime.js?v=beb8b176:9217:38)
    at ns2.onStoriesChanged (http://localhost:6006/node_modules/.cache/storybook/eec3b1947cadd2d2762da73fc5b1aab48776e4812fe40cf815bc1a8cead41184/sb-vite/deps/storybook_internal_preview_runtime.js?v=beb8b176:9171:110)
    at async ns2.onStoryIndexChanged (http://localhost:6006/node_modules/.cache/storybook/eec3b1947cadd2d2762da73fc5b1aab48776e4812fe40cf815bc1a8cead41184/sb-vite/deps/storybook_internal_preview_runtime.js?v=beb8b176:8669:9) @ http://localhost:6006/node_modules/.cache/storybook/eec3b1947cadd2d2762da73fc5b1aab48776e4812fe40cf815bc1a8cead41184/sb-vite/deps/storybook_internal_preview_runtime.js?v=beb8b176:4636
[35494474ms] [ERROR] SB_PREVIEW_API_0001 (MissingStoryAfterHmrError): Couldn't find story matching id 'templates-article-page--editorial-feature' after HMR.
- Did you just rename a story?
- Did you remove it from your CSF file?
- Are you sure a story with the id 'templates-article-page--editorial-feature' exists?
- Please check the values in the stories field of your main.js config and see if they would match your CSF File.
- Also check the browser console and terminal for potential error messages.
    at StoryIndexStore.storyIdToEntry (http://localhost:6006/node_modules/.cache/storybook/eec3b1947cadd2d2762da73fc5b1aab48776e4812fe40cf815bc1a8cead41184/sb-vite/deps/storybook_internal_preview_runtime.js?v=beb8b176:7152:13)
    at StoryStore.storyIdToEntry (http://localhost:6006/node_modules/.cache/storybook/eec3b1947cadd2d2762da73fc5b1aab48776e4812fe40cf815bc1a8cead41184/sb-vite/deps/storybook_internal_preview_runtime.js?v=beb8b176:8047:28)
    at ns2.renderSelection (http://localhost:6006/node_modules/.cache/storybook/eec3b1947cadd2d2762da73fc5b1aab48776e4812fe40cf815bc1a8cead41184/sb-vite/deps/storybook_internal_preview_runtime.js?v=beb8b176:9217:38)
    at ns2.onStoriesChanged (http://localhost:6006/node_modules/.cache/storybook/eec3b1947cadd2d2762da73fc5b1aab48776e4812fe40cf815bc1a8cead41184/sb-vite/deps/storybook_internal_preview_runtime.js?v=beb8b176:9171:110) @ http://localhost:6006/node_modules/.cache/storybook/eec3b1947cadd2d2762da73fc5b1aab48776e4812fe40cf815bc1a8cead41184/sb-vite/deps/storybook_internal_preview_runtime.js?v=beb8b176:4636
[35554648ms] [ERROR] SB_PREVIEW_API_0009 (NoStoryMatchError): Couldn't find story matching 'templates-article-page--editorial-feature'.

- Are you sure a story with that id exists?
- Please check your stories field of your main.js config.
- Also check the browser console and terminal for error messages.
    at ns2.selectSpecifiedStory (http://localhost:6006/node_modules/.cache/storybook/eec3b1947cadd2d2762da73fc5b1aab48776e4812fe40cf815bc1a8cead41184/sb-vite/deps/storybook_internal_preview_runtime.js?v=beb8b176:9149:9)
    at ns2.initializeWithStoryIndex (http://localhost:6006/node_modules/.cache/storybook/eec3b1947cadd2d2762da73fc5b1aab48776e4812fe40cf815bc1a8cead41184/sb-vite/deps/storybook_internal_preview_runtime.js?v=beb8b176:9129:58) @ http://localhost:6006/node_modules/.cache/storybook/eec3b1947cadd2d2762da73fc5b1aab48776e4812fe40cf815bc1a8cead41184/sb-vite/deps/storybook_internal_preview_runtime.js?v=beb8b176:4636
[35700966ms] [ERROR] SB_PREVIEW_API_0009 (NoStoryMatchError): Couldn't find story matching 'templates-article-page--editorial-feature'.

- Are you sure a story with that id exists?
- Please check your stories field of your main.js config.
- Also check the browser console and terminal for error messages.
    at ns2.selectSpecifiedStory (http://localhost:6006/node_modules/.cache/storybook/eec3b1947cadd2d2762da73fc5b1aab48776e4812fe40cf815bc1a8cead41184/sb-vite/deps/storybook_internal_preview_runtime.js?v=beb8b176:9149:9)
    at ns2.initializeWithStoryIndex (http://localhost:6006/node_modules/.cache/storybook/eec3b1947cadd2d2762da73fc5b1aab48776e4812fe40cf815bc1a8cead41184/sb-vite/deps/storybook_internal_preview_runtime.js?v=beb8b176:9129:58) @ http://localhost:6006/node_modules/.cache/storybook/eec3b1947cadd2d2762da73fc5b1aab48776e4812fe40cf815bc1a8cead41184/sb-vite/deps/storybook_internal_preview_runtime.js?v=beb8b176:4636
[35959200ms] [ERROR] SB_PREVIEW_API_0009 (NoStoryMatchError): Couldn't find story matching 'templates-article-page--editorial-feature'.

- Are you sure a story with that id exists?
- Please check your stories field of your main.js config.
- Also check the browser console and terminal for error messages.
    at ns2.selectSpecifiedStory (http://localhost:6006/node_modules/.cache/storybook/eec3b1947cadd2d2762da73fc5b1aab48776e4812fe40cf815bc1a8cead41184/sb-vite/deps/storybook_internal_preview_runtime.js?v=beb8b176:9149:9)
    at ns2.onStoriesChanged (http://localhost:6006/node_modules/.cache/storybook/eec3b1947cadd2d2762da73fc5b1aab48776e4812fe40cf815bc1a8cead41184/sb-vite/deps/storybook_internal_preview_runtime.js?v=beb8b176:9171:141)
    at async ns2.onStoryIndexChanged (http://localhost:6006/node_modules/.cache/storybook/eec3b1947cadd2d2762da73fc5b1aab48776e4812fe40cf815bc1a8cead41184/sb-vite/deps/storybook_internal_preview_runtime.js?v=beb8b176:8669:9) @ http://localhost:6006/node_modules/.cache/storybook/eec3b1947cadd2d2762da73fc5b1aab48776e4812fe40cf815bc1a8cead41184/sb-vite/deps/storybook_internal_preview_runtime.js?v=beb8b176:4636
[35992167ms] [ERROR] SB_PREVIEW_API_0009 (NoStoryMatchError): Couldn't find story matching 'templates-article-page--editorial-feature'.

- Are you sure a story with that id exists?
- Please check your stories field of your main.js config.
- Also check the browser console and terminal for error messages.
    at ns2.selectSpecifiedStory (http://localhost:6006/node_modules/.cache/storybook/eec3b1947cadd2d2762da73fc5b1aab48776e4812fe40cf815bc1a8cead41184/sb-vite/deps/storybook_internal_preview_runtime.js?v=beb8b176:9149:9)
    at ns2.onStoriesChanged (http://localhost:6006/node_modules/.cache/storybook/eec3b1947cadd2d2762da73fc5b1aab48776e4812fe40cf815bc1a8cead41184/sb-vite/deps/storybook_internal_preview_runtime.js?v=beb8b176:9171:141)
    at async ns2.onStoryIndexChanged (http://localhost:6006/node_modules/.cache/storybook/eec3b1947cadd2d2762da73fc5b1aab48776e4812fe40cf815bc1a8cead41184/sb-vite/deps/storybook_internal_preview_runtime.js?v=beb8b176:8669:9) @ http://localhost:6006/node_modules/.cache/storybook/eec3b1947cadd2d2762da73fc5b1aab48776e4812fe40cf815bc1a8cead41184/sb-vite/deps/storybook_internal_preview_runtime.js?v=beb8b176:4636
[35992180ms] [ERROR] SB_PREVIEW_API_0009 (NoStoryMatchError): Couldn't find story matching 'templates-article-page--editorial-feature'.

- Are you sure a story with that id exists?
- Please check your stories field of your main.js config.
- Also check the browser console and terminal for error messages.
    at ns2.selectSpecifiedStory (http://localhost:6006/node_modules/.cache/storybook/eec3b1947cadd2d2762da73fc5b1aab48776e4812fe40cf815bc1a8cead41184/sb-vite/deps/storybook_internal_preview_runtime.js?v=beb8b176:9149:9)
    at ns2.onStoriesChanged (http://localhost:6006/node_modules/.cache/storybook/eec3b1947cadd2d2762da73fc5b1aab48776e4812fe40cf815bc1a8cead41184/sb-vite/deps/storybook_internal_preview_runtime.js?v=beb8b176:9171:141)
    at async ns2.onStoryIndexChanged (http://localhost:6006/node_modules/.cache/storybook/eec3b1947cadd2d2762da73fc5b1aab48776e4812fe40cf815bc1a8cead41184/sb-vite/deps/storybook_internal_preview_runtime.js?v=beb8b176:8669:9) @ http://localhost:6006/node_modules/.cache/storybook/eec3b1947cadd2d2762da73fc5b1aab48776e4812fe40cf815bc1a8cead41184/sb-vite/deps/storybook_internal_preview_runtime.js?v=beb8b176:4636
[35992472ms] [ERROR] Error loading story index: @ http://localhost:6006/node_modules/.cache/storybook/eec3b1947cadd2d2762da73fc5b1aab48776e4812fe40cf815bc1a8cead41184/sb-vite/deps/storybook_internal_preview_runtime.js?v=beb8b176:4636
[35992473ms] [ERROR] TypeError: Failed to fetch
    at ns2.getStoryIndexFromServer (http://localhost:6006/node_modules/.cache/storybook/eec3b1947cadd2d2762da73fc5b1aab48776e4812fe40cf815bc1a8cead41184/sb-vite/deps/storybook_internal_preview_runtime.js?v=beb8b176:8621:19)
    at ns2.onStoryIndexChanged (http://localhost:6006/node_modules/.cache/storybook/eec3b1947cadd2d2762da73fc5b1aab48776e4812fe40cf815bc1a8cead41184/sb-vite/deps/storybook_internal_preview_runtime.js?v=beb8b176:8664:28)
    at http://localhost:6006/node_modules/.cache/storybook/eec3b1947cadd2d2762da73fc5b1aab48776e4812fe40cf815bc1a8cead41184/sb-vite/deps/storybook_internal_preview_runtime.js?v=beb8b176:4595:9
    at Array.forEach (<anonymous>)
    at Channel.handleEvent (http://localhost:6006/node_modules/.cache/storybook/eec3b1947cadd2d2762da73fc5b1aab48776e4812fe40cf815bc1a8cead41184/sb-vite/deps/storybook_internal_preview_runtime.js?v=beb8b176:4594:24)
    at WebsocketTransport.handler (http://localhost:6006/node_modules/.cache/storybook/eec3b1947cadd2d2762da73fc5b1aab48776e4812fe40cf815bc1a8cead41184/sb-vite/deps/storybook_internal_preview_runtime.js?v=beb8b176:4543:32)
    at Io2.socket.onmessage (http://localhost:6006/node_modules/.cache/storybook/eec3b1947cadd2d2762da73fc5b1aab48776e4812fe40cf815bc1a8cead41184/sb-vite/deps/storybook_internal_preview_runtime.js?v=beb8b176:5909:74) @ http://localhost:6006/node_modules/.cache/storybook/eec3b1947cadd2d2762da73fc5b1aab48776e4812fe40cf815bc1a8cead41184/sb-vite/deps/storybook_internal_preview_runtime.js?v=beb8b176:4636
[36003089ms] [ERROR] SB_PREVIEW_API_0009 (NoStoryMatchError): Couldn't find story matching 'templates-article-page--editorial-feature'.

- Are you sure a story with that id exists?
- Please check your stories field of your main.js config.
- Also check the browser console and terminal for error messages.
    at ns2.selectSpecifiedStory (http://localhost:6006/node_modules/.cache/storybook/eec3b1947cadd2d2762da73fc5b1aab48776e4812fe40cf815bc1a8cead41184/sb-vite/deps/storybook_internal_preview_runtime.js?v=beb8b176:9149:9)
    at ns2.initializeWithStoryIndex (http://localhost:6006/node_modules/.cache/storybook/eec3b1947cadd2d2762da73fc5b1aab48776e4812fe40cf815bc1a8cead41184/sb-vite/deps/storybook_internal_preview_runtime.js?v=beb8b176:9129:58) @ http://localhost:6006/node_modules/.cache/storybook/eec3b1947cadd2d2762da73fc5b1aab48776e4812fe40cf815bc1a8cead41184/sb-vite/deps/storybook_internal_preview_runtime.js?v=beb8b176:4636
[36175409ms] [ERROR] Failed to load resource: the server responded with a status of 500 (Internal Server Error) @ http://localhost:6006/index.json:0
[36175413ms] [ERROR] Error loading story index: @ http://localhost:6006/node_modules/.cache/storybook/eec3b1947cadd2d2762da73fc5b1aab48776e4812fe40cf815bc1a8cead41184/sb-vite/deps/storybook_internal_preview_runtime.js?v=beb8b176:4636
[36175413ms] [ERROR] SB_PREVIEW_API_0006 (StoryIndexFetchError): Error fetching `/index.json`:

Unable to index files:
- ./src/stories/Accordion.stories.tsx: Could not parse import/exports with acorn
- ./src/stories/Alert.stories.tsx: Could not parse import/exports with acorn
- ./src/stories/ArticleCard.stories.tsx: Could not parse import/exports with acorn
- ./src/stories/ArticlePage.stories.tsx: Could not parse import/exports with acorn
- ./src/stories/Avatar.stories.tsx: Could not parse import/exports with acorn
- ./src/stories/Badge.stories.tsx: Could not parse import/exports with acorn
- ./src/stories/Switch.stories.tsx: Could not parse import/exports with acorn
- ./src/stories/Textarea.stories.tsx: Could not parse import/exports with acorn
- ./src/stories/Toggle.stories.tsx: Could not parse import/exports with acorn

If you are in development, this likely indicates a problem with your Storybook process,
check the terminal for errors.

If you are in a deployed Storybook, there may have been an issue deploying the full Storybook
build.
    at ns2.getStoryIndexFromServer (http://localhost:6006/node_modules/.cache/storybook/eec3b1947cadd2d2762da73fc5b1aab48776e4812fe40cf815bc1a8cead41184/sb-vite/deps/storybook_internal_preview_runtime.js?v=beb8b176:8624:11)
    at async ns2.onStoryIndexChanged (http://localhost:6006/node_modules/.cache/storybook/eec3b1947cadd2d2762da73fc5b1aab48776e4812fe40cf815bc1a8cead41184/sb-vite/deps/storybook_internal_preview_runtime.js?v=beb8b176:8664:17) @ http://localhost:6006/node_modules/.cache/storybook/eec3b1947cadd2d2762da73fc5b1aab48776e4812fe40cf815bc1a8cead41184/sb-vite/deps/storybook_internal_preview_runtime.js?v=beb8b176:4636
[36176245ms] SB_PREVIEW_API_0006 (StoryIndexFetchError): Error fetching `/index.json`:

Unable to index files:
- ./src/stories/Accordion.stories.tsx: Could not parse import/exports with acorn
- ./src/stories/Alert.stories.tsx: Could not parse import/exports with acorn
- ./src/stories/ArticleCard.stories.tsx: Could not parse import/exports with acorn
- ./src/stories/ArticlePage.stories.tsx: Could not parse import/exports with acorn
- ./src/stories/Avatar.stories.tsx: Could not parse import/exports with acorn
- ./src/stories/Badge.stories.tsx: Could not parse import/exports with acorn
- ./src/stories/Switch.stories.tsx: Could not parse import/exports with acorn
- ./src/stories/Textarea.stories.tsx: Could not parse import/exports with acorn
- ./src/stories/Toggle.stories.tsx: Could not parse import/exports with acorn

If you are in development, this likely indicates a problem with your Storybook process,
check the terminal for errors.

If you are in a deployed Storybook, there may have been an issue deploying the full Storybook
build.
    at ns2.getStoryIndexFromServer (http://localhost:6006/node_modules/.cache/storybook/eec3b1947cadd2d2762da73fc5b1aab48776e4812fe40cf815bc1a8cead41184/sb-vite/deps/storybook_internal_preview_runtime.js?v=beb8b176:8624:11)
    at async ns2.onStoryIndexChanged (http://localhost:6006/node_modules/.cache/storybook/eec3b1947cadd2d2762da73fc5b1aab48776e4812fe40cf815bc1a8cead41184/sb-vite/deps/storybook_internal_preview_runtime.js?v=beb8b176:8664:17)
[36197275ms] [ERROR] SB_PREVIEW_API_0009 (NoStoryMatchError): Couldn't find story matching 'templates-article-page--editorial-feature'.

- Are you sure a story with that id exists?
- Please check your stories field of your main.js config.
- Also check the browser console and terminal for error messages.
    at ns2.selectSpecifiedStory (http://localhost:6006/node_modules/.cache/storybook/eec3b1947cadd2d2762da73fc5b1aab48776e4812fe40cf815bc1a8cead41184/sb-vite/deps/storybook_internal_preview_runtime.js?v=beb8b176:9149:9)
    at ns2.onStoriesChanged (http://localhost:6006/node_modules/.cache/storybook/eec3b1947cadd2d2762da73fc5b1aab48776e4812fe40cf815bc1a8cead41184/sb-vite/deps/storybook_internal_preview_runtime.js?v=beb8b176:9171:141) @ http://localhost:6006/node_modules/.cache/storybook/eec3b1947cadd2d2762da73fc5b1aab48776e4812fe40cf815bc1a8cead41184/sb-vite/deps/storybook_internal_preview_runtime.js?v=beb8b176:4636
[36197290ms] [ERROR] SB_PREVIEW_API_0009 (NoStoryMatchError): Couldn't find story matching 'templates-article-page--editorial-feature'.

- Are you sure a story with that id exists?
- Please check your stories field of your main.js config.
- Also check the browser console and terminal for error messages.
    at ns2.selectSpecifiedStory (http://localhost:6006/node_modules/.cache/storybook/eec3b1947cadd2d2762da73fc5b1aab48776e4812fe40cf815bc1a8cead41184/sb-vite/deps/storybook_internal_preview_runtime.js?v=beb8b176:9149:9)
    at ns2.onStoriesChanged (http://localhost:6006/node_modules/.cache/storybook/eec3b1947cadd2d2762da73fc5b1aab48776e4812fe40cf815bc1a8cead41184/sb-vite/deps/storybook_internal_preview_runtime.js?v=beb8b176:9171:141) @ http://localhost:6006/node_modules/.cache/storybook/eec3b1947cadd2d2762da73fc5b1aab48776e4812fe40cf815bc1a8cead41184/sb-vite/deps/storybook_internal_preview_runtime.js?v=beb8b176:4636
[36202087ms] [ERROR] SB_PREVIEW_API_0009 (NoStoryMatchError): Couldn't find story matching 'templates-article-page--editorial-feature'.

- Are you sure a story with that id exists?
- Please check your stories field of your main.js config.
- Also check the browser console and terminal for error messages.
    at ns2.selectSpecifiedStory (http://localhost:6006/node_modules/.cache/storybook/eec3b1947cadd2d2762da73fc5b1aab48776e4812fe40cf815bc1a8cead41184/sb-vite/deps/storybook_internal_preview_runtime.js?v=beb8b176:9149:9)
    at ns2.onStoriesChanged (http://localhost:6006/node_modules/.cache/storybook/eec3b1947cadd2d2762da73fc5b1aab48776e4812fe40cf815bc1a8cead41184/sb-vite/deps/storybook_internal_preview_runtime.js?v=beb8b176:9171:141) @ http://localhost:6006/node_modules/.cache/storybook/eec3b1947cadd2d2762da73fc5b1aab48776e4812fe40cf815bc1a8cead41184/sb-vite/deps/storybook_internal_preview_runtime.js?v=beb8b176:4636
[36205491ms] [ERROR] SB_PREVIEW_API_0009 (NoStoryMatchError): Couldn't find story matching 'templates-article-page--editorial-feature'.

- Are you sure a story with that id exists?
- Please check your stories field of your main.js config.
- Also check the browser console and terminal for error messages.
    at ns2.selectSpecifiedStory (http://localhost:6006/node_modules/.cache/storybook/eec3b1947cadd2d2762da73fc5b1aab48776e4812fe40cf815bc1a8cead41184/sb-vite/deps/storybook_internal_preview_runtime.js?v=beb8b176:9149:9)
    at ns2.onStoriesChanged (http://localhost:6006/node_modules/.cache/storybook/eec3b1947cadd2d2762da73fc5b1aab48776e4812fe40cf815bc1a8cead41184/sb-vite/deps/storybook_internal_preview_runtime.js?v=beb8b176:9171:141) @ http://localhost:6006/node_modules/.cache/storybook/eec3b1947cadd2d2762da73fc5b1aab48776e4812fe40cf815bc1a8cead41184/sb-vite/deps/storybook_internal_preview_runtime.js?v=beb8b176:4636
[36211477ms] [ERROR] Failed to load resource: the server responded with a status of 500 (Internal Server Error) @ http://localhost:6006/index.json:0
[36211478ms] [ERROR] Error loading story index: @ http://localhost:6006/node_modules/.cache/storybook/eec3b1947cadd2d2762da73fc5b1aab48776e4812fe40cf815bc1a8cead41184/sb-vite/deps/storybook_internal_preview_runtime.js?v=beb8b176:4636
[36211478ms] [ERROR] SB_PREVIEW_API_0006 (StoryIndexFetchError): Error fetching `/index.json`:

Unable to index files:
- ./src/stories/Accordion.stories.tsx: Could not parse import/exports with acorn
- ./src/stories/Alert.stories.tsx: Could not parse import/exports with acorn
- ./src/stories/ArticleCard.stories.tsx: Could not parse import/exports with acorn
- ./src/stories/ArticlePage.stories.tsx: Could not parse import/exports with acorn
- ./src/stories/Avatar.stories.tsx: Could not parse import/exports with acorn
- ./src/stories/Badge.stories.tsx: Could not parse import/exports with acorn
- ./src/stories/Switch.stories.tsx: Could not parse import/exports with acorn
- ./src/stories/Textarea.stories.tsx: Could not parse import/exports with acorn
- ./src/stories/Toggle.stories.tsx: Could not parse import/exports with acorn

If you are in development, this likely indicates a problem with your Storybook process,
check the terminal for errors.

If you are in a deployed Storybook, there may have been an issue deploying the full Storybook
build.
    at ns2.getStoryIndexFromServer (http://localhost:6006/node_modules/.cache/storybook/eec3b1947cadd2d2762da73fc5b1aab48776e4812fe40cf815bc1a8cead41184/sb-vite/deps/storybook_internal_preview_runtime.js?v=beb8b176:8624:11)
    at async ns2.initializeWithProjectAnnotations (http://localhost:6006/node_modules/.cache/storybook/eec3b1947cadd2d2762da73fc5b1aab48776e4812fe40cf815bc1a8cead41184/sb-vite/deps/storybook_internal_preview_runtime.js?v=beb8b176:8606:15)
    at async ns2.initialize (http://localhost:6006/node_modules/.cache/storybook/eec3b1947cadd2d2762da73fc5b1aab48776e4812fe40cf815bc1a8cead41184/sb-vite/deps/storybook_internal_preview_runtime.js?v=beb8b176:8581:39) @ http://localhost:6006/node_modules/.cache/storybook/eec3b1947cadd2d2762da73fc5b1aab48776e4812fe40cf815bc1a8cead41184/sb-vite/deps/storybook_internal_preview_runtime.js?v=beb8b176:4636
[36211575ms] SB_PREVIEW_API_0006 (StoryIndexFetchError): Error fetching `/index.json`:

Unable to index files:
- ./src/stories/Accordion.stories.tsx: Could not parse import/exports with acorn
- ./src/stories/Alert.stories.tsx: Could not parse import/exports with acorn
- ./src/stories/ArticleCard.stories.tsx: Could not parse import/exports with acorn
- ./src/stories/ArticlePage.stories.tsx: Could not parse import/exports with acorn
- ./src/stories/Avatar.stories.tsx: Could not parse import/exports with acorn
- ./src/stories/Badge.stories.tsx: Could not parse import/exports with acorn
- ./src/stories/Switch.stories.tsx: Could not parse import/exports with acorn
- ./src/stories/Textarea.stories.tsx: Could not parse import/exports with acorn
- ./src/stories/Toggle.stories.tsx: Could not parse import/exports with acorn

If you are in development, this likely indicates a problem with your Storybook process,
check the terminal for errors.

If you are in a deployed Storybook, there may have been an issue deploying the full Storybook
build.
    at ns2.getStoryIndexFromServer (http://localhost:6006/node_modules/.cache/storybook/eec3b1947cadd2d2762da73fc5b1aab48776e4812fe40cf815bc1a8cead41184/sb-vite/deps/storybook_internal_preview_runtime.js?v=beb8b176:8624:11)
    at async ns2.initializeWithProjectAnnotations (http://localhost:6006/node_modules/.cache/storybook/eec3b1947cadd2d2762da73fc5b1aab48776e4812fe40cf815bc1a8cead41184/sb-vite/deps/storybook_internal_preview_runtime.js?v=beb8b176:8606:15)
    at async ns2.initialize (http://localhost:6006/node_modules/.cache/storybook/eec3b1947cadd2d2762da73fc5b1aab48776e4812fe40cf815bc1a8cead41184/sb-vite/deps/storybook_internal_preview_runtime.js?v=beb8b176:8581:39)
[36450444ms] [ERROR] Failed to load resource: the server responded with a status of 500 (Internal Server Error) @ http://localhost:6006/index.json:0
[36450445ms] [ERROR] Error loading story index: @ http://localhost:6006/node_modules/.cache/storybook/eec3b1947cadd2d2762da73fc5b1aab48776e4812fe40cf815bc1a8cead41184/sb-vite/deps/storybook_internal_preview_runtime.js?v=beb8b176:4636
[36450445ms] [ERROR] SB_PREVIEW_API_0006 (StoryIndexFetchError): Error fetching `/index.json`:

Unable to index files:
- ./src/stories/Accordion.stories.tsx: Could not parse import/exports with acorn
- ./src/stories/Alert.stories.tsx: Could not parse import/exports with acorn
- ./src/stories/ArticleCard.stories.tsx: Could not parse import/exports with acorn
- ./src/stories/ArticlePage.stories.tsx: Could not parse import/exports with acorn
- ./src/stories/Avatar.stories.tsx: Could not parse import/exports with acorn
- ./src/stories/Badge.stories.tsx: Could not parse import/exports with acorn
- ./src/stories/Switch.stories.tsx: Could not parse import/exports with acorn
- ./src/stories/Textarea.stories.tsx: Could not parse import/exports with acorn
- ./src/stories/Toggle.stories.tsx: Could not parse import/exports with acorn

If you are in development, this likely indicates a problem with your Storybook process,
check the terminal for errors.

If you are in a deployed Storybook, there may have been an issue deploying the full Storybook
build.
    at ns2.getStoryIndexFromServer (http://localhost:6006/node_modules/.cache/storybook/eec3b1947cadd2d2762da73fc5b1aab48776e4812fe40cf815bc1a8cead41184/sb-vite/deps/storybook_internal_preview_runtime.js?v=beb8b176:8624:11)
    at async ns2.initializeWithProjectAnnotations (http://localhost:6006/node_modules/.cache/storybook/eec3b1947cadd2d2762da73fc5b1aab48776e4812fe40cf815bc1a8cead41184/sb-vite/deps/storybook_internal_preview_runtime.js?v=beb8b176:8606:15)
    at async ns2.initialize (http://localhost:6006/node_modules/.cache/storybook/eec3b1947cadd2d2762da73fc5b1aab48776e4812fe40cf815bc1a8cead41184/sb-vite/deps/storybook_internal_preview_runtime.js?v=beb8b176:8581:39) @ http://localhost:6006/node_modules/.cache/storybook/eec3b1947cadd2d2762da73fc5b1aab48776e4812fe40cf815bc1a8cead41184/sb-vite/deps/storybook_internal_preview_runtime.js?v=beb8b176:4636
[36451130ms] SB_PREVIEW_API_0006 (StoryIndexFetchError): Error fetching `/index.json`:

Unable to index files:
- ./src/stories/Accordion.stories.tsx: Could not parse import/exports with acorn
- ./src/stories/Alert.stories.tsx: Could not parse import/exports with acorn
- ./src/stories/ArticleCard.stories.tsx: Could not parse import/exports with acorn
- ./src/stories/ArticlePage.stories.tsx: Could not parse import/exports with acorn
- ./src/stories/Avatar.stories.tsx: Could not parse import/exports with acorn
- ./src/stories/Badge.stories.tsx: Could not parse import/exports with acorn
- ./src/stories/Switch.stories.tsx: Could not parse import/exports with acorn
- ./src/stories/Textarea.stories.tsx: Could not parse import/exports with acorn
- ./src/stories/Toggle.stories.tsx: Could not parse import/exports with acorn

If you are in development, this likely indicates a problem with your Storybook process,
check the terminal for errors.

If you are in a deployed Storybook, there may have been an issue deploying the full Storybook
build.
    at ns2.getStoryIndexFromServer (http://localhost:6006/node_modules/.cache/storybook/eec3b1947cadd2d2762da73fc5b1aab48776e4812fe40cf815bc1a8cead41184/sb-vite/deps/storybook_internal_preview_runtime.js?v=beb8b176:8624:11)
    at async ns2.initializeWithProjectAnnotations (http://localhost:6006/node_modules/.cache/storybook/eec3b1947cadd2d2762da73fc5b1aab48776e4812fe40cf815bc1a8cead41184/sb-vite/deps/storybook_internal_preview_runtime.js?v=beb8b176:8606:15)
    at async ns2.initialize (http://localhost:6006/node_modules/.cache/storybook/eec3b1947cadd2d2762da73fc5b1aab48776e4812fe40cf815bc1a8cead41184/sb-vite/deps/storybook_internal_preview_runtime.js?v=beb8b176:8581:39)
[36480671ms] [ERROR] Failed to load resource: the server responded with a status of 500 (Internal Server Error) @ http://localhost:6006/index.json:0
[36480672ms] [ERROR] Error loading story index: @ http://localhost:6006/node_modules/.cache/storybook/eec3b1947cadd2d2762da73fc5b1aab48776e4812fe40cf815bc1a8cead41184/sb-vite/deps/storybook_internal_preview_runtime.js?v=beb8b176:4636
[36480672ms] [ERROR] SB_PREVIEW_API_0006 (StoryIndexFetchError): Error fetching `/index.json`:

Unable to index files:
- ./src/stories/Accordion.stories.tsx: Could not parse import/exports with acorn
- ./src/stories/Alert.stories.tsx: Could not parse import/exports with acorn
- ./src/stories/ArticleCard.stories.tsx: Could not parse import/exports with acorn
- ./src/stories/ArticlePage.stories.tsx: Could not parse import/exports with acorn
- ./src/stories/Avatar.stories.tsx: Could not parse import/exports with acorn
- ./src/stories/Badge.stories.tsx: Could not parse import/exports with acorn
- ./src/stories/Switch.stories.tsx: Could not parse import/exports with acorn
- ./src/stories/Textarea.stories.tsx: Could not parse import/exports with acorn
- ./src/stories/Toggle.stories.tsx: Could not parse import/exports with acorn

If you are in development, this likely indicates a problem with your Storybook process,
check the terminal for errors.

If you are in a deployed Storybook, there may have been an issue deploying the full Storybook
build.
    at ns2.getStoryIndexFromServer (http://localhost:6006/node_modules/.cache/storybook/eec3b1947cadd2d2762da73fc5b1aab48776e4812fe40cf815bc1a8cead41184/sb-vite/deps/storybook_internal_preview_runtime.js?v=beb8b176:8624:11)
    at async ns2.initializeWithProjectAnnotations (http://localhost:6006/node_modules/.cache/storybook/eec3b1947cadd2d2762da73fc5b1aab48776e4812fe40cf815bc1a8cead41184/sb-vite/deps/storybook_internal_preview_runtime.js?v=beb8b176:8606:15)
    at async ns2.initialize (http://localhost:6006/node_modules/.cache/storybook/eec3b1947cadd2d2762da73fc5b1aab48776e4812fe40cf815bc1a8cead41184/sb-vite/deps/storybook_internal_preview_runtime.js?v=beb8b176:8581:39) @ http://localhost:6006/node_modules/.cache/storybook/eec3b1947cadd2d2762da73fc5b1aab48776e4812fe40cf815bc1a8cead41184/sb-vite/deps/storybook_internal_preview_runtime.js?v=beb8b176:4636
[36480790ms] SB_PREVIEW_API_0006 (StoryIndexFetchError): Error fetching `/index.json`:

Unable to index files:
- ./src/stories/Accordion.stories.tsx: Could not parse import/exports with acorn
- ./src/stories/Alert.stories.tsx: Could not parse import/exports with acorn
- ./src/stories/ArticleCard.stories.tsx: Could not parse import/exports with acorn
- ./src/stories/ArticlePage.stories.tsx: Could not parse import/exports with acorn
- ./src/stories/Avatar.stories.tsx: Could not parse import/exports with acorn
- ./src/stories/Badge.stories.tsx: Could not parse import/exports with acorn
- ./src/stories/Switch.stories.tsx: Could not parse import/exports with acorn
- ./src/stories/Textarea.stories.tsx: Could not parse import/exports with acorn
- ./src/stories/Toggle.stories.tsx: Could not parse import/exports with acorn

If you are in development, this likely indicates a problem with your Storybook process,
check the terminal for errors.

If you are in a deployed Storybook, there may have been an issue deploying the full Storybook
build.
    at ns2.getStoryIndexFromServer (http://localhost:6006/node_modules/.cache/storybook/eec3b1947cadd2d2762da73fc5b1aab48776e4812fe40cf815bc1a8cead41184/sb-vite/deps/storybook_internal_preview_runtime.js?v=beb8b176:8624:11)
    at async ns2.initializeWithProjectAnnotations (http://localhost:6006/node_modules/.cache/storybook/eec3b1947cadd2d2762da73fc5b1aab48776e4812fe40cf815bc1a8cead41184/sb-vite/deps/storybook_internal_preview_runtime.js?v=beb8b176:8606:15)
    at async ns2.initialize (http://localhost:6006/node_modules/.cache/storybook/eec3b1947cadd2d2762da73fc5b1aab48776e4812fe40cf815bc1a8cead41184/sb-vite/deps/storybook_internal_preview_runtime.js?v=beb8b176:8581:39)
[37141923ms] [ERROR] Failed to load resource: the server responded with a status of 500 (Internal Server Error) @ http://localhost:6006/index.json:0
[37141926ms] [ERROR] Error loading story index: @ http://localhost:6006/node_modules/.cache/storybook/eec3b1947cadd2d2762da73fc5b1aab48776e4812fe40cf815bc1a8cead41184/sb-vite/deps/storybook_internal_preview_runtime.js?v=beb8b176:4636
[37141926ms] [ERROR] SB_PREVIEW_API_0006 (StoryIndexFetchError): Error fetching `/index.json`:

Unable to index files:
- ./src/stories/Accordion.stories.tsx: Could not parse import/exports with acorn
- ./src/stories/Alert.stories.tsx: Could not parse import/exports with acorn
- ./src/stories/ArticleCard.stories.tsx: Could not parse import/exports with acorn
- ./src/stories/ArticlePage.stories.tsx: Could not parse import/exports with acorn
- ./src/stories/Avatar.stories.tsx: Could not parse import/exports with acorn
- ./src/stories/Badge.stories.tsx: Could not parse import/exports with acorn
- ./src/stories/Switch.stories.tsx: Could not parse import/exports with acorn
- ./src/stories/Textarea.stories.tsx: Could not parse import/exports with acorn
- ./src/stories/Toggle.stories.tsx: Could not parse import/exports with acorn

If you are in development, this likely indicates a problem with your Storybook process,
check the terminal for errors.

If you are in a deployed Storybook, there may have been an issue deploying the full Storybook
build.
    at ns2.getStoryIndexFromServer (http://localhost:6006/node_modules/.cache/storybook/eec3b1947cadd2d2762da73fc5b1aab48776e4812fe40cf815bc1a8cead41184/sb-vite/deps/storybook_internal_preview_runtime.js?v=beb8b176:8624:11)
    at async ns2.initializeWithProjectAnnotations (http://localhost:6006/node_modules/.cache/storybook/eec3b1947cadd2d2762da73fc5b1aab48776e4812fe40cf815bc1a8cead41184/sb-vite/deps/storybook_internal_preview_runtime.js?v=beb8b176:8606:15)
    at async ns2.initialize (http://localhost:6006/node_modules/.cache/storybook/eec3b1947cadd2d2762da73fc5b1aab48776e4812fe40cf815bc1a8cead41184/sb-vite/deps/storybook_internal_preview_runtime.js?v=beb8b176:8581:39) @ http://localhost:6006/node_modules/.cache/storybook/eec3b1947cadd2d2762da73fc5b1aab48776e4812fe40cf815bc1a8cead41184/sb-vite/deps/storybook_internal_preview_runtime.js?v=beb8b176:4636
[37142137ms] SB_PREVIEW_API_0006 (StoryIndexFetchError): Error fetching `/index.json`:

Unable to index files:
- ./src/stories/Accordion.stories.tsx: Could not parse import/exports with acorn
- ./src/stories/Alert.stories.tsx: Could not parse import/exports with acorn
- ./src/stories/ArticleCard.stories.tsx: Could not parse import/exports with acorn
- ./src/stories/ArticlePage.stories.tsx: Could not parse import/exports with acorn
- ./src/stories/Avatar.stories.tsx: Could not parse import/exports with acorn
- ./src/stories/Badge.stories.tsx: Could not parse import/exports with acorn
- ./src/stories/Switch.stories.tsx: Could not parse import/exports with acorn
- ./src/stories/Textarea.stories.tsx: Could not parse import/exports with acorn
- ./src/stories/Toggle.stories.tsx: Could not parse import/exports with acorn

If you are in development, this likely indicates a problem with your Storybook process,
check the terminal for errors.

If you are in a deployed Storybook, there may have been an issue deploying the full Storybook
build.
    at ns2.getStoryIndexFromServer (http://localhost:6006/node_modules/.cache/storybook/eec3b1947cadd2d2762da73fc5b1aab48776e4812fe40cf815bc1a8cead41184/sb-vite/deps/storybook_internal_preview_runtime.js?v=beb8b176:8624:11)
    at async ns2.initializeWithProjectAnnotations (http://localhost:6006/node_modules/.cache/storybook/eec3b1947cadd2d2762da73fc5b1aab48776e4812fe40cf815bc1a8cead41184/sb-vite/deps/storybook_internal_preview_runtime.js?v=beb8b176:8606:15)
    at async ns2.initialize (http://localhost:6006/node_modules/.cache/storybook/eec3b1947cadd2d2762da73fc5b1aab48776e4812fe40cf815bc1a8cead41184/sb-vite/deps/storybook_internal_preview_runtime.js?v=beb8b176:8581:39)
[37194681ms] [LOG] [vite] server connection lost. Polling for restart... @ http://localhost:6006/@vite/client:963
[37194844ms] [ERROR] WebSocket connection to 'ws://localhost:6006/' failed: Error in connection establishment: net::ERR_CONNECTION_REFUSED @ http://localhost:6006/@vite/client:1034
[37195855ms] [ERROR] WebSocket connection to 'ws://localhost:6006/' failed: Error in connection establishment: net::ERR_CONNECTION_REFUSED @ http://localhost:6006/@vite/client:1034
[37196864ms] [ERROR] WebSocket connection to 'ws://localhost:6006/' failed: Error in connection establishment: net::ERR_CONNECTION_REFUSED @ http://localhost:6006/@vite/client:1034
[37197870ms] [ERROR] WebSocket connection to 'ws://localhost:6006/' failed: Error in connection establishment: net::ERR_CONNECTION_REFUSED @ http://localhost:6006/@vite/client:1034
[37198883ms] [ERROR] WebSocket connection to 'ws://localhost:6006/' failed: Error in connection establishment: net::ERR_CONNECTION_REFUSED @ http://localhost:6006/@vite/client:1034
[37199895ms] [ERROR] WebSocket connection to 'ws://localhost:6006/' failed: Error in connection establishment: net::ERR_CONNECTION_REFUSED @ http://localhost:6006/@vite/client:1034
[37200899ms] [ERROR] WebSocket connection to 'ws://localhost:6006/' failed: Error in connection establishment: net::ERR_CONNECTION_REFUSED @ http://localhost:6006/@vite/client:1034
[37201903ms] [ERROR] WebSocket connection to 'ws://localhost:6006/' failed: Error in connection establishment: net::ERR_CONNECTION_REFUSED @ http://localhost:6006/@vite/client:1034
[37202921ms] [ERROR] WebSocket connection to 'ws://localhost:6006/' failed: Error in connection establishment: net::ERR_CONNECTION_REFUSED @ http://localhost:6006/@vite/client:1034
[37203925ms] [ERROR] WebSocket connection to 'ws://localhost:6006/' failed: Error in connection establishment: net::ERR_CONNECTION_REFUSED @ http://localhost:6006/@vite/client:1034
[37204929ms] [ERROR] WebSocket connection to 'ws://localhost:6006/' failed: Error in connection establishment: net::ERR_CONNECTION_REFUSED @ http://localhost:6006/@vite/client:1034
[37205935ms] [ERROR] WebSocket connection to 'ws://localhost:6006/' failed: Error in connection establishment: net::ERR_CONNECTION_REFUSED @ http://localhost:6006/@vite/client:1034
[37206963ms] [ERROR] WebSocket connection to 'ws://localhost:6006/' failed: Error in connection establishment: net::ERR_CONNECTION_REFUSED @ http://localhost:6006/@vite/client:1034
[37207983ms] [ERROR] WebSocket connection to 'ws://localhost:6006/' failed: Error in connection establishment: net::ERR_CONNECTION_REFUSED @ http://localhost:6006/@vite/client:1034
[37209019ms] [ERROR] WebSocket connection to 'ws://localhost:6006/' failed: Error in connection establishment: net::ERR_CONNECTION_REFUSED @ http://localhost:6006/@vite/client:1034
[37210033ms] [ERROR] WebSocket connection to 'ws://localhost:6006/' failed: Error in connection establishment: net::ERR_CONNECTION_REFUSED @ http://localhost:6006/@vite/client:1034
[37211061ms] [ERROR] WebSocket connection to 'ws://localhost:6006/' failed: Error in connection establishment: net::ERR_CONNECTION_REFUSED @ http://localhost:6006/@vite/client:1034
[37212068ms] [ERROR] WebSocket connection to 'ws://localhost:6006/' failed: Error in connection establishment: net::ERR_CONNECTION_REFUSED @ http://localhost:6006/@vite/client:1034
[37213099ms] [ERROR] WebSocket connection to 'ws://localhost:6006/' failed: Error in connection establishment: net::ERR_CONNECTION_REFUSED @ http://localhost:6006/@vite/client:1034
[37214111ms] [ERROR] WebSocket connection to 'ws://localhost:6006/' failed: Error in connection establishment: net::ERR_CONNECTION_REFUSED @ http://localhost:6006/@vite/client:1034
[37215122ms] [ERROR] WebSocket connection to 'ws://localhost:6006/' failed: Error in connection establishment: net::ERR_CONNECTION_REFUSED @ http://localhost:6006/@vite/client:1034
[37216137ms] [ERROR] WebSocket connection to 'ws://localhost:6006/' failed: Error in connection establishment: net::ERR_CONNECTION_REFUSED @ http://localhost:6006/@vite/client:1034
[37217162ms] [ERROR] WebSocket connection to 'ws://localhost:6006/' failed: Error in connection establishment: net::ERR_CONNECTION_REFUSED @ http://localhost:6006/@vite/client:1034
[37218169ms] [ERROR] WebSocket connection to 'ws://localhost:6006/' failed: Error in connection establishment: net::ERR_CONNECTION_REFUSED @ http://localhost:6006/@vite/client:1034
[37219212ms] [ERROR] WebSocket connection to 'ws://localhost:6006/' failed: Error in connection establishment: net::ERR_CONNECTION_REFUSED @ http://localhost:6006/@vite/client:1034
[37220262ms] [ERROR] WebSocket connection to 'ws://localhost:6006/' failed: Error in connection establishment: net::ERR_CONNECTION_REFUSED @ http://localhost:6006/@vite/client:1034
[37221279ms] [ERROR] WebSocket connection to 'ws://localhost:6006/' failed: Error in connection establishment: net::ERR_CONNECTION_REFUSED @ http://localhost:6006/@vite/client:1034
[37222365ms] [ERROR] WebSocket connection to 'ws://localhost:6006/' failed: Error in connection establishment: net::ERR_CONNECTION_REFUSED @ http://localhost:6006/@vite/client:1034
[37223482ms] [ERROR] WebSocket connection to 'ws://localhost:6006/' failed: Error in connection establishment: net::ERR_CONNECTION_REFUSED @ http://localhost:6006/@vite/client:1034
[37224562ms] [ERROR] WebSocket connection to 'ws://localhost:6006/' failed: Error in connection establishment: net::ERR_CONNECTION_REFUSED @ http://localhost:6006/@vite/client:1034
[37225692ms] [ERROR] WebSocket connection to 'ws://localhost:6006/' failed: Error in connection establishment: net::ERR_CONNECTION_REFUSED @ http://localhost:6006/@vite/client:1034
[37226855ms] [ERROR] WebSocket connection to 'ws://localhost:6006/' failed: Error in connection establishment: net::ERR_CONNECTION_REFUSED @ http://localhost:6006/@vite/client:1034
[37228009ms] [ERROR] WebSocket connection to 'ws://localhost:6006/' failed: Error in connection establishment: net::ERR_CONNECTION_REFUSED @ http://localhost:6006/@vite/client:1034
[37229145ms] [ERROR] WebSocket connection to 'ws://localhost:6006/' failed: Error in connection establishment: net::ERR_CONNECTION_REFUSED @ http://localhost:6006/@vite/client:1034
[37230249ms] [ERROR] WebSocket connection to 'ws://localhost:6006/' failed: Error in connection establishment: net::ERR_CONNECTION_REFUSED @ http://localhost:6006/@vite/client:1034
[37231384ms] [ERROR] WebSocket connection to 'ws://localhost:6006/' failed: Error in connection establishment: net::ERR_CONNECTION_REFUSED @ http://localhost:6006/@vite/client:1034
[37232871ms] [ERROR] WebSocket connection to 'ws://localhost:6006/' failed: Error in connection establishment: net::ERR_CONNECTION_REFUSED @ http://localhost:6006/@vite/client:1034
[37234032ms] [ERROR] WebSocket connection to 'ws://localhost:6006/' failed: Error in connection establishment: net::ERR_CONNECTION_REFUSED @ http://localhost:6006/@vite/client:1034
[37235679ms] [ERROR] WebSocket connection to 'ws://localhost:6006/' failed: Error in connection establishment: net::ERR_CONNECTION_REFUSED @ http://localhost:6006/@vite/client:1034
[37237147ms] [ERROR] WebSocket connection to 'ws://localhost:6006/' failed: Error in connection establishment: net::ERR_CONNECTION_REFUSED @ http://localhost:6006/@vite/client:1034
[37238463ms] [ERROR] WebSocket connection to 'ws://localhost:6006/' failed: Error in connection establishment: net::ERR_CONNECTION_REFUSED @ http://localhost:6006/@vite/client:1034
[37240033ms] [ERROR] WebSocket connection to 'ws://localhost:6006/' failed: Error in connection establishment: net::ERR_CONNECTION_REFUSED @ http://localhost:6006/@vite/client:1034
[37243543ms] [ERROR] WebSocket connection to 'ws://localhost:6006/' failed: Error in connection establishment: net::ERR_CONNECTION_REFUSED @ http://localhost:6006/@vite/client:1034
[37245687ms] [ERROR] WebSocket connection to 'ws://localhost:6006/' failed: Error in connection establishment: net::ERR_CONNECTION_REFUSED @ http://localhost:6006/@vite/client:1034
[37247420ms] [ERROR] WebSocket connection to 'ws://localhost:6006/' failed: Error in connection establishment: net::ERR_CONNECTION_REFUSED @ http://localhost:6006/@vite/client:1034
[37252072ms] [ERROR] WebSocket connection to 'ws://localhost:6006/' failed: Error in connection establishment: net::ERR_CONNECTION_REFUSED @ http://localhost:6006/@vite/client:1034
[37257700ms] [ERROR] WebSocket connection to 'ws://localhost:6006/' failed: Error in connection establishment: net::ERR_CONNECTION_REFUSED @ http://localhost:6006/@vite/client:1034
[37261918ms] [ERROR] WebSocket connection to 'ws://localhost:6006/' failed: Error in connection establishment: net::ERR_CONNECTION_REFUSED @ http://localhost:6006/@vite/client:1034
[37265256ms] [ERROR] WebSocket connection to 'ws://localhost:6006/' failed: Error in connection establishment: net::ERR_CONNECTION_REFUSED @ http://localhost:6006/@vite/client:1034
[37270379ms] [ERROR] WebSocket connection to 'ws://localhost:6006/' failed: Error in connection establishment: net::ERR_CONNECTION_REFUSED @ http://localhost:6006/@vite/client:1034
[37273194ms] [ERROR] WebSocket connection to 'ws://localhost:6006/' failed: Error in connection establishment: net::ERR_CONNECTION_REFUSED @ http://localhost:6006/@vite/client:1034
[37275591ms] [ERROR] WebSocket connection to 'ws://localhost:6006/' failed: Error in connection establishment: net::ERR_CONNECTION_REFUSED @ http://localhost:6006/@vite/client:1034
[37278229ms] [ERROR] WebSocket connection to 'ws://localhost:6006/' failed: Error in connection establishment: net::ERR_CONNECTION_REFUSED @ http://localhost:6006/@vite/client:1034
[37283996ms] [ERROR] WebSocket connection to 'ws://localhost:6006/' failed: Error in connection establishment: net::ERR_CONNECTION_REFUSED @ http://localhost:6006/@vite/client:1034
[37288279ms] [ERROR] WebSocket connection to 'ws://localhost:6006/' failed: Error in connection establishment: net::ERR_CONNECTION_REFUSED @ http://localhost:6006/@vite/client:1034
[37292979ms] [ERROR] WebSocket connection to 'ws://localhost:6006/' failed: Error in connection establishment: net::ERR_CONNECTION_REFUSED @ http://localhost:6006/@vite/client:1034
[37297633ms] [ERROR] WebSocket connection to 'ws://localhost:6006/' failed: Error in connection establishment: net::ERR_CONNECTION_REFUSED @ http://localhost:6006/@vite/client:1034
[37301283ms] [ERROR] WebSocket connection to 'ws://localhost:6006/' failed: Error in connection establishment: net::ERR_CONNECTION_REFUSED @ http://localhost:6006/@vite/client:1034
[37304647ms] [ERROR] WebSocket connection to 'ws://localhost:6006/' failed: Error in connection establishment: net::ERR_CONNECTION_REFUSED @ http://localhost:6006/@vite/client:1034
[37309839ms] [ERROR] WebSocket connection to 'ws://localhost:6006/' failed: Error in connection establishment: net::ERR_CONNECTION_REFUSED @ http://localhost:6006/@vite/client:1034
[37311879ms] [ERROR] WebSocket connection to 'ws://localhost:6006/' failed: Error in connection establishment: net::ERR_CONNECTION_REFUSED @ http://localhost:6006/@vite/client:1034
[37314705ms] [ERROR] WebSocket connection to 'ws://localhost:6006/' failed: Error in connection establishment: net::ERR_CONNECTION_REFUSED @ http://localhost:6006/@vite/client:1034
[37318938ms] [ERROR] WebSocket connection to 'ws://localhost:6006/' failed: Error in connection establishment: net::ERR_CONNECTION_REFUSED @ http://localhost:6006/@vite/client:1034
[37322338ms] [ERROR] WebSocket connection to 'ws://localhost:6006/' failed: Error in connection establishment: net::ERR_CONNECTION_REFUSED @ http://localhost:6006/@vite/client:1034
[37327742ms] [ERROR] WebSocket connection to 'ws://localhost:6006/' failed: Error in connection establishment: net::ERR_CONNECTION_REFUSED @ http://localhost:6006/@vite/client:1034
[37332536ms] [ERROR] WebSocket connection to 'ws://localhost:6006/' failed: Error in connection establishment: net::ERR_CONNECTION_REFUSED @ http://localhost:6006/@vite/client:1034
[37336746ms] [ERROR] WebSocket connection to 'ws://localhost:6006/' failed: Error in connection establishment: net::ERR_CONNECTION_REFUSED @ http://localhost:6006/@vite/client:1034
[37341075ms] [ERROR] WebSocket connection to 'ws://localhost:6006/' failed: Error in connection establishment: net::ERR_CONNECTION_REFUSED @ http://localhost:6006/@vite/client:1034
[37346752ms] [ERROR] WebSocket connection to 'ws://localhost:6006/' failed: Error in connection establishment: net::ERR_CONNECTION_REFUSED @ http://localhost:6006/@vite/client:1034
[37351977ms] [ERROR] WebSocket connection to 'ws://localhost:6006/' failed: Error in connection establishment: net::ERR_CONNECTION_REFUSED @ http://localhost:6006/@vite/client:1034
[37354017ms] [ERROR] WebSocket connection to 'ws://localhost:6006/' failed: Error in connection establishment: net::ERR_CONNECTION_REFUSED @ http://localhost:6006/@vite/client:1034
[37356676ms] [ERROR] WebSocket connection to 'ws://localhost:6006/' failed: Error in connection establishment: net::ERR_CONNECTION_REFUSED @ http://localhost:6006/@vite/client:1034
[37359346ms] [ERROR] WebSocket connection to 'ws://localhost:6006/' failed: Error in connection establishment: net::ERR_CONNECTION_REFUSED @ http://localhost:6006/@vite/client:1034
[37361695ms] [ERROR] WebSocket connection to 'ws://localhost:6006/' failed: Error in connection establishment: net::ERR_CONNECTION_REFUSED @ http://localhost:6006/@vite/client:1034
[37364613ms] [ERROR] WebSocket connection to 'ws://localhost:6006/' failed: Error in connection establishment: net::ERR_CONNECTION_REFUSED @ http://localhost:6006/@vite/client:1034
[37369099ms] [ERROR] WebSocket connection to 'ws://localhost:6006/' failed: Error in connection establishment: net::ERR_CONNECTION_REFUSED @ http://localhost:6006/@vite/client:1034
[37375154ms] [ERROR] WebSocket connection to 'ws://localhost:6006/' failed: Error in connection establishment: net::ERR_CONNECTION_REFUSED @ http://localhost:6006/@vite/client:1034
[37380008ms] [ERROR] WebSocket connection to 'ws://localhost:6006/' failed: Error in connection establishment: net::ERR_CONNECTION_REFUSED @ http://localhost:6006/@vite/client:1034
[37383746ms] [ERROR] WebSocket connection to 'ws://localhost:6006/' failed: Error in connection establishment: net::ERR_CONNECTION_REFUSED @ http://localhost:6006/@vite/client:1034
[37387650ms] [ERROR] WebSocket connection to 'ws://localhost:6006/' failed: Error in connection establishment: net::ERR_CONNECTION_REFUSED @ http://localhost:6006/@vite/client:1034
[37390697ms] [ERROR] WebSocket connection to 'ws://localhost:6006/' failed: Error in connection establishment: net::ERR_CONNECTION_REFUSED @ http://localhost:6006/@vite/client:1034
[37395384ms] [ERROR] WebSocket connection to 'ws://localhost:6006/' failed: Error in connection establishment: net::ERR_CONNECTION_REFUSED @ http://localhost:6006/@vite/client:1034
[37398542ms] [ERROR] WebSocket connection to 'ws://localhost:6006/' failed: Error in connection establishment: net::ERR_CONNECTION_REFUSED @ http://localhost:6006/@vite/client:1034
[37401108ms] [ERROR] WebSocket connection to 'ws://localhost:6006/' failed: Error in connection establishment: net::ERR_CONNECTION_REFUSED @ http://localhost:6006/@vite/client:1034
[37404137ms] [ERROR] WebSocket connection to 'ws://localhost:6006/' failed: Error in connection establishment: net::ERR_CONNECTION_REFUSED @ http://localhost:6006/@vite/client:1034
[37408762ms] [ERROR] WebSocket connection to 'ws://localhost:6006/' failed: Error in connection establishment: net::ERR_CONNECTION_REFUSED @ http://localhost:6006/@vite/client:1034
[37410937ms] [ERROR] WebSocket connection to 'ws://localhost:6006/' failed: Error in connection establishment: net::ERR_CONNECTION_REFUSED @ http://localhost:6006/@vite/client:1034
[37416914ms] [ERROR] WebSocket connection to 'ws://localhost:6006/' failed: Error in connection establishment: net::ERR_CONNECTION_REFUSED @ http://localhost:6006/@vite/client:1034
[37420254ms] [ERROR] WebSocket connection to 'ws://localhost:6006/' failed: Error in connection establishment: net::ERR_CONNECTION_REFUSED @ http://localhost:6006/@vite/client:1034
[37422579ms] [ERROR] WebSocket connection to 'ws://localhost:6006/' failed: Error in connection establishment: net::ERR_CONNECTION_REFUSED @ http://localhost:6006/@vite/client:1034
[37425775ms] [ERROR] WebSocket connection to 'ws://localhost:6006/' failed: Error in connection establishment: net::ERR_CONNECTION_REFUSED @ http://localhost:6006/@vite/client:1034
[37429405ms] [ERROR] WebSocket connection to 'ws://localhost:6006/' failed: Error in connection establishment: net::ERR_CONNECTION_REFUSED @ http://localhost:6006/@vite/client:1034
[37431808ms] [ERROR] WebSocket connection to 'ws://localhost:6006/' failed: Error in connection establishment: net::ERR_CONNECTION_REFUSED @ http://localhost:6006/@vite/client:1034
[37437469ms] [ERROR] WebSocket connection to 'ws://localhost:6006/' failed: Error in connection establishment: net::ERR_CONNECTION_REFUSED @ http://localhost:6006/@vite/client:1034
[37441437ms] [ERROR] WebSocket connection to 'ws://localhost:6006/' failed: Error in connection establishment: net::ERR_CONNECTION_REFUSED @ http://localhost:6006/@vite/client:1034
[37446909ms] [ERROR] WebSocket connection to 'ws://localhost:6006/' failed: Error in connection establishment: net::ERR_CONNECTION_REFUSED @ http://localhost:6006/@vite/client:1034
[37452429ms] [ERROR] WebSocket connection to 'ws://localhost:6006/' failed: Error in connection establishment: net::ERR_CONNECTION_REFUSED @ http://localhost:6006/@vite/client:1034
[37454971ms] [ERROR] WebSocket connection to 'ws://localhost:6006/' failed: Error in connection establishment: net::ERR_CONNECTION_REFUSED @ http://localhost:6006/@vite/client:1034
[37458463ms] [ERROR] WebSocket connection to 'ws://localhost:6006/' failed: Error in connection establishment: net::ERR_CONNECTION_REFUSED @ http://localhost:6006/@vite/client:1034
[37463588ms] [ERROR] WebSocket connection to 'ws://localhost:6006/' failed: Error in connection establishment: net::ERR_CONNECTION_REFUSED @ http://localhost:6006/@vite/client:1034
[37465722ms] [ERROR] WebSocket connection to 'ws://localhost:6006/' failed: Error in connection establishment: net::ERR_CONNECTION_REFUSED @ http://localhost:6006/@vite/client:1034
[37503100ms] [ERROR] SB_PREVIEW_API_0009 (NoStoryMatchError): Couldn't find story matching 'templates-article-page--editorial-feature'.

- Are you sure a story with that id exists?
- Please check your stories field of your main.js config.
- Also check the browser console and terminal for error messages.
    at ns2.selectSpecifiedStory (http://localhost:6006/node_modules/.cache/storybook/eec3b1947cadd2d2762da73fc5b1aab48776e4812fe40cf815bc1a8cead41184/sb-vite/deps/storybook_internal_preview_runtime.js?v=beb8b176:9149:9)
    at ns2.initializeWithStoryIndex (http://localhost:6006/node_modules/.cache/storybook/eec3b1947cadd2d2762da73fc5b1aab48776e4812fe40cf815bc1a8cead41184/sb-vite/deps/storybook_internal_preview_runtime.js?v=beb8b176:9129:58) @ http://localhost:6006/node_modules/.cache/storybook/eec3b1947cadd2d2762da73fc5b1aab48776e4812fe40cf815bc1a8cead41184/sb-vite/deps/storybook_internal_preview_runtime.js?v=beb8b176:4636
[45770109ms] [LOG] [vite] server connection lost. Polling for restart... @ http://localhost:6006/@vite/client:963
[45774990ms] [ERROR] SB_PREVIEW_API_0009 (NoStoryMatchError): Couldn't find story matching 'templates-article-page--editorial-feature'.

- Are you sure a story with that id exists?
- Please check your stories field of your main.js config.
- Also check the browser console and terminal for error messages.
    at ns2.selectSpecifiedStory (http://localhost:6006/node_modules/.cache/storybook/eec3b1947cadd2d2762da73fc5b1aab48776e4812fe40cf815bc1a8cead41184/sb-vite/deps/storybook_internal_preview_runtime.js?v=beb8b176:9149:9)
    at ns2.initializeWithStoryIndex (http://localhost:6006/node_modules/.cache/storybook/eec3b1947cadd2d2762da73fc5b1aab48776e4812fe40cf815bc1a8cead41184/sb-vite/deps/storybook_internal_preview_runtime.js?v=beb8b176:9129:58) @ http://localhost:6006/node_modules/.cache/storybook/eec3b1947cadd2d2762da73fc5b1aab48776e4812fe40cf815bc1a8cead41184/sb-vite/deps/storybook_internal_preview_runtime.js?v=beb8b176:4636
[47624343ms] [ERROR] Failed to load resource: net::ERR_CONNECTION_RESET @ http://localhost:6006/src/app/globals.css?t=1778947141328:0
[47624344ms] [ERROR] Failed to load resource: net::ERR_CONNECTION_RESET @ http://localhost:6006/@id/__x00__virtual:/@storybook/builder-vite/storybook-stories.js?t=1778947141328:0
[47624344ms] [ERROR] [vite] Failed to reload /src/app/globals.css. This could be due to syntax errors or importing non-existent modules. (see errors above) @ http://localhost:6006/@vite/client:881
[47624345ms] [ERROR] [vite] Failed to reload /@id/__x00__virtual:/@storybook/builder-vite/storybook-stories.js. This could be due to syntax errors or importing non-existent modules. (see errors above) @ http://localhost:6006/@vite/client:881
[47624345ms] [LOG] [vite] server connection lost. Polling for restart... @ http://localhost:6006/@vite/client:963
[47624496ms] TypeError: Cannot read properties of undefined (reading 'importFn')
    at http://localhost:6006/@id/__x00__virtual:/@storybook/builder-vite/vite-app.js:37:74
    at http://localhost:6006/@vite/client:36:52
    at http://localhost:6006/@vite/client:213:11
    at http://localhost:6006/@vite/client:186:58
    at Array.forEach (<anonymous>)
    at HMRClient.queueUpdate (http://localhost:6006/@vite/client:186:36)
    at async Promise.all (index 0)
    at async handleMessage (http://localhost:6006/@vite/client:927:7)
[47624374ms] [ERROR] WebSocket connection to 'ws://localhost:6006/' failed: Error in connection establishment: net::ERR_CONNECTION_REFUSED @ http://localhost:6006/@vite/client:1034
[47625414ms] [ERROR] WebSocket connection to 'ws://localhost:6006/' failed: Error in connection establishment: net::ERR_CONNECTION_REFUSED @ http://localhost:6006/@vite/client:1034
[47626420ms] [ERROR] WebSocket connection to 'ws://localhost:6006/' failed: Error in connection establishment: net::ERR_CONNECTION_REFUSED @ http://localhost:6006/@vite/client:1034
[47627425ms] [ERROR] WebSocket connection to 'ws://localhost:6006/' failed: Error in connection establishment: net::ERR_CONNECTION_REFUSED @ http://localhost:6006/@vite/client:1034
[47628456ms] [ERROR] WebSocket connection to 'ws://localhost:6006/' failed: Error in connection establishment: net::ERR_CONNECTION_REFUSED @ http://localhost:6006/@vite/client:1034
[47629570ms] [ERROR] WebSocket connection to 'ws://localhost:6006/' failed: Error in connection establishment: net::ERR_CONNECTION_REFUSED @ http://localhost:6006/@vite/client:1034
[47630647ms] [ERROR] WebSocket connection to 'ws://localhost:6006/' failed: Error in connection establishment: net::ERR_CONNECTION_REFUSED @ http://localhost:6006/@vite/client:1034
[47631668ms] [ERROR] WebSocket connection to 'ws://localhost:6006/' failed: Error in connection establishment: net::ERR_CONNECTION_REFUSED @ http://localhost:6006/@vite/client:1034
[47632719ms] [ERROR] WebSocket connection to 'ws://localhost:6006/' failed: Error in connection establishment: net::ERR_CONNECTION_REFUSED @ http://localhost:6006/@vite/client:1034
[47633837ms] [ERROR] WebSocket connection to 'ws://localhost:6006/' failed: Error in connection establishment: net::ERR_CONNECTION_REFUSED @ http://localhost:6006/@vite/client:1034
[47634970ms] [ERROR] WebSocket connection to 'ws://localhost:6006/' failed: Error in connection establishment: net::ERR_CONNECTION_REFUSED @ http://localhost:6006/@vite/client:1034
[47636108ms] [ERROR] WebSocket connection to 'ws://localhost:6006/' failed: Error in connection establishment: net::ERR_CONNECTION_REFUSED @ http://localhost:6006/@vite/client:1034
[47637621ms] [ERROR] WebSocket connection to 'ws://localhost:6006/' failed: Error in connection establishment: net::ERR_CONNECTION_REFUSED @ http://localhost:6006/@vite/client:1034
[47639908ms] [ERROR] WebSocket connection to 'ws://localhost:6006/' failed: Error in connection establishment: net::ERR_CONNECTION_REFUSED @ http://localhost:6006/@vite/client:1034
[47643415ms] [ERROR] WebSocket connection to 'ws://localhost:6006/' failed: Error in connection establishment: net::ERR_CONNECTION_REFUSED @ http://localhost:6006/@vite/client:1034
[47647628ms] [ERROR] WebSocket connection to 'ws://localhost:6006/' failed: Error in connection establishment: net::ERR_CONNECTION_REFUSED @ http://localhost:6006/@vite/client:1034
[47652151ms] [ERROR] WebSocket connection to 'ws://localhost:6006/' failed: Error in connection establishment: net::ERR_CONNECTION_REFUSED @ http://localhost:6006/@vite/client:1034
[47655789ms] [ERROR] WebSocket connection to 'ws://localhost:6006/' failed: Error in connection establishment: net::ERR_CONNECTION_REFUSED @ http://localhost:6006/@vite/client:1034
[47658492ms] [ERROR] WebSocket connection to 'ws://localhost:6006/' failed: Error in connection establishment: net::ERR_CONNECTION_REFUSED @ http://localhost:6006/@vite/client:1034
[47661464ms] [ERROR] WebSocket connection to 'ws://localhost:6006/' failed: Error in connection establishment: net::ERR_CONNECTION_REFUSED @ http://localhost:6006/@vite/client:1034
[47666486ms] [ERROR] WebSocket connection to 'ws://localhost:6006/' failed: Error in connection establishment: net::ERR_CONNECTION_REFUSED @ http://localhost:6006/@vite/client:1034
[47672419ms] [ERROR] WebSocket connection to 'ws://localhost:6006/' failed: Error in connection establishment: net::ERR_CONNECTION_REFUSED @ http://localhost:6006/@vite/client:1034
[47678284ms] [ERROR] WebSocket connection to 'ws://localhost:6006/' failed: Error in connection establishment: net::ERR_CONNECTION_REFUSED @ http://localhost:6006/@vite/client:1034
[47681535ms] [ERROR] WebSocket connection to 'ws://localhost:6006/' failed: Error in connection establishment: net::ERR_CONNECTION_REFUSED @ http://localhost:6006/@vite/client:1034
[47687399ms] [ERROR] WebSocket connection to 'ws://localhost:6006/' failed: Error in connection establishment: net::ERR_CONNECTION_REFUSED @ http://localhost:6006/@vite/client:1034
[47691609ms] [ERROR] WebSocket connection to 'ws://localhost:6006/' failed: Error in connection establishment: net::ERR_CONNECTION_REFUSED @ http://localhost:6006/@vite/client:1034
[47695836ms] [ERROR] WebSocket connection to 'ws://localhost:6006/' failed: Error in connection establishment: net::ERR_CONNECTION_REFUSED @ http://localhost:6006/@vite/client:1034
[47700767ms] [ERROR] WebSocket connection to 'ws://localhost:6006/' failed: Error in connection establishment: net::ERR_CONNECTION_REFUSED @ http://localhost:6006/@vite/client:1034
[47704028ms] [ERROR] WebSocket connection to 'ws://localhost:6006/' failed: Error in connection establishment: net::ERR_CONNECTION_REFUSED @ http://localhost:6006/@vite/client:1034
[47709317ms] [ERROR] WebSocket connection to 'ws://localhost:6006/' failed: Error in connection establishment: net::ERR_CONNECTION_REFUSED @ http://localhost:6006/@vite/client:1034
[47714168ms] [ERROR] WebSocket connection to 'ws://localhost:6006/' failed: Error in connection establishment: net::ERR_CONNECTION_REFUSED @ http://localhost:6006/@vite/client:1034
[47718776ms] [ERROR] WebSocket connection to 'ws://localhost:6006/' failed: Error in connection establishment: net::ERR_CONNECTION_REFUSED @ http://localhost:6006/@vite/client:1034
[47721086ms] [ERROR] WebSocket connection to 'ws://localhost:6006/' failed: Error in connection establishment: net::ERR_CONNECTION_REFUSED @ http://localhost:6006/@vite/client:1034
[47725981ms] [ERROR] WebSocket connection to 'ws://localhost:6006/' failed: Error in connection establishment: net::ERR_CONNECTION_REFUSED @ http://localhost:6006/@vite/client:1034
[47730819ms] [ERROR] WebSocket connection to 'ws://localhost:6006/' failed: Error in connection establishment: net::ERR_CONNECTION_REFUSED @ http://localhost:6006/@vite/client:1034
[47736353ms] [ERROR] WebSocket connection to 'ws://localhost:6006/' failed: Error in connection establishment: net::ERR_CONNECTION_REFUSED @ http://localhost:6006/@vite/client:1034
[47742117ms] [ERROR] WebSocket connection to 'ws://localhost:6006/' failed: Error in connection establishment: net::ERR_CONNECTION_REFUSED @ http://localhost:6006/@vite/client:1034
[47744579ms] [ERROR] WebSocket connection to 'ws://localhost:6006/' failed: Error in connection establishment: net::ERR_CONNECTION_REFUSED @ http://localhost:6006/@vite/client:1034
[47748228ms] [ERROR] WebSocket connection to 'ws://localhost:6006/' failed: Error in connection establishment: net::ERR_CONNECTION_REFUSED @ http://localhost:6006/@vite/client:1034
[47750952ms] [ERROR] WebSocket connection to 'ws://localhost:6006/' failed: Error in connection establishment: net::ERR_CONNECTION_REFUSED @ http://localhost:6006/@vite/client:1034
[47756366ms] [ERROR] WebSocket connection to 'ws://localhost:6006/' failed: Error in connection establishment: net::ERR_CONNECTION_REFUSED @ http://localhost:6006/@vite/client:1034
[47759422ms] [ERROR] WebSocket connection to 'ws://localhost:6006/' failed: Error in connection establishment: net::ERR_CONNECTION_REFUSED @ http://localhost:6006/@vite/client:1034
[47761989ms] [ERROR] WebSocket connection to 'ws://localhost:6006/' failed: Error in connection establishment: net::ERR_CONNECTION_REFUSED @ http://localhost:6006/@vite/client:1034
[47765752ms] [ERROR] WebSocket connection to 'ws://localhost:6006/' failed: Error in connection establishment: net::ERR_CONNECTION_REFUSED @ http://localhost:6006/@vite/client:1034
[47770626ms] [ERROR] WebSocket connection to 'ws://localhost:6006/' failed: Error in connection establishment: net::ERR_CONNECTION_REFUSED @ http://localhost:6006/@vite/client:1034
[47775193ms] [ERROR] WebSocket connection to 'ws://localhost:6006/' failed: Error in connection establishment: net::ERR_CONNECTION_REFUSED @ http://localhost:6006/@vite/client:1034
[47779431ms] [ERROR] WebSocket connection to 'ws://localhost:6006/' failed: Error in connection establishment: net::ERR_CONNECTION_REFUSED @ http://localhost:6006/@vite/client:1034
[47785435ms] [ERROR] WebSocket connection to 'ws://localhost:6006/' failed: Error in connection establishment: net::ERR_CONNECTION_REFUSED @ http://localhost:6006/@vite/client:1034
[47791113ms] [ERROR] WebSocket connection to 'ws://localhost:6006/' failed: Error in connection establishment: net::ERR_CONNECTION_REFUSED @ http://localhost:6006/@vite/client:1034
[47795164ms] [ERROR] WebSocket connection to 'ws://localhost:6006/' failed: Error in connection establishment: net::ERR_CONNECTION_REFUSED @ http://localhost:6006/@vite/client:1034
[47798115ms] [ERROR] WebSocket connection to 'ws://localhost:6006/' failed: Error in connection establishment: net::ERR_CONNECTION_REFUSED @ http://localhost:6006/@vite/client:1034
[47804016ms] [ERROR] WebSocket connection to 'ws://localhost:6006/' failed: Error in connection establishment: net::ERR_CONNECTION_REFUSED @ http://localhost:6006/@vite/client:1034
[47807582ms] [ERROR] WebSocket connection to 'ws://localhost:6006/' failed: Error in connection establishment: net::ERR_CONNECTION_REFUSED @ http://localhost:6006/@vite/client:1034
[47813198ms] [ERROR] WebSocket connection to 'ws://localhost:6006/' failed: Error in connection establishment: net::ERR_CONNECTION_REFUSED @ http://localhost:6006/@vite/client:1034
[47816322ms] [ERROR] WebSocket connection to 'ws://localhost:6006/' failed: Error in connection establishment: net::ERR_CONNECTION_REFUSED @ http://localhost:6006/@vite/client:1034
[47820811ms] [ERROR] WebSocket connection to 'ws://localhost:6006/' failed: Error in connection establishment: net::ERR_CONNECTION_REFUSED @ http://localhost:6006/@vite/client:1034
[47825759ms] [ERROR] WebSocket connection to 'ws://localhost:6006/' failed: Error in connection establishment: net::ERR_CONNECTION_REFUSED @ http://localhost:6006/@vite/client:1034
[47830422ms] [ERROR] WebSocket connection to 'ws://localhost:6006/' failed: Error in connection establishment: net::ERR_CONNECTION_REFUSED @ http://localhost:6006/@vite/client:1034
[47835726ms] [ERROR] WebSocket connection to 'ws://localhost:6006/' failed: Error in connection establishment: net::ERR_CONNECTION_REFUSED @ http://localhost:6006/@vite/client:1034
[47839197ms] [ERROR] WebSocket connection to 'ws://localhost:6006/' failed: Error in connection establishment: net::ERR_CONNECTION_REFUSED @ http://localhost:6006/@vite/client:1034
[47842051ms] [ERROR] WebSocket connection to 'ws://localhost:6006/' failed: Error in connection establishment: net::ERR_CONNECTION_REFUSED @ http://localhost:6006/@vite/client:1034
[47845869ms] [ERROR] WebSocket connection to 'ws://localhost:6006/' failed: Error in connection establishment: net::ERR_CONNECTION_REFUSED @ http://localhost:6006/@vite/client:1034
[47849385ms] [ERROR] WebSocket connection to 'ws://localhost:6006/' failed: Error in connection establishment: net::ERR_CONNECTION_REFUSED @ http://localhost:6006/@vite/client:1034
[47851768ms] [ERROR] WebSocket connection to 'ws://localhost:6006/' failed: Error in connection establishment: net::ERR_CONNECTION_REFUSED @ http://localhost:6006/@vite/client:1034
[47855252ms] [ERROR] WebSocket connection to 'ws://localhost:6006/' failed: Error in connection establishment: net::ERR_CONNECTION_REFUSED @ http://localhost:6006/@vite/client:1034
[47858760ms] [ERROR] WebSocket connection to 'ws://localhost:6006/' failed: Error in connection establishment: net::ERR_CONNECTION_REFUSED @ http://localhost:6006/@vite/client:1034
[47864676ms] [ERROR] WebSocket connection to 'ws://localhost:6006/' failed: Error in connection establishment: net::ERR_CONNECTION_REFUSED @ http://localhost:6006/@vite/client:1034
[47868510ms] [ERROR] WebSocket connection to 'ws://localhost:6006/' failed: Error in connection establishment: net::ERR_CONNECTION_REFUSED @ http://localhost:6006/@vite/client:1034
[47870770ms] [ERROR] WebSocket connection to 'ws://localhost:6006/' failed: Error in connection establishment: net::ERR_CONNECTION_REFUSED @ http://localhost:6006/@vite/client:1034
[47875285ms] [ERROR] WebSocket connection to 'ws://localhost:6006/' failed: Error in connection establishment: net::ERR_CONNECTION_REFUSED @ http://localhost:6006/@vite/client:1034
[47879324ms] [ERROR] WebSocket connection to 'ws://localhost:6006/' failed: Error in connection establishment: net::ERR_CONNECTION_REFUSED @ http://localhost:6006/@vite/client:1034
[47883289ms] [ERROR] WebSocket connection to 'ws://localhost:6006/' failed: Error in connection establishment: net::ERR_CONNECTION_REFUSED @ http://localhost:6006/@vite/client:1034
[47888831ms] [ERROR] WebSocket connection to 'ws://localhost:6006/' failed: Error in connection establishment: net::ERR_CONNECTION_REFUSED @ http://localhost:6006/@vite/client:1034
[47891376ms] [ERROR] WebSocket connection to 'ws://localhost:6006/' failed: Error in connection establishment: net::ERR_CONNECTION_REFUSED @ http://localhost:6006/@vite/client:1034
[47895940ms] [ERROR] WebSocket connection to 'ws://localhost:6006/' failed: Error in connection establishment: net::ERR_CONNECTION_REFUSED @ http://localhost:6006/@vite/client:1034
[47898198ms] [ERROR] WebSocket connection to 'ws://localhost:6006/' failed: Error in connection establishment: net::ERR_CONNECTION_REFUSED @ http://localhost:6006/@vite/client:1034
[47903483ms] [ERROR] WebSocket connection to 'ws://localhost:6006/' failed: Error in connection establishment: net::ERR_CONNECTION_REFUSED @ http://localhost:6006/@vite/client:1034
[47907636ms] [ERROR] WebSocket connection to 'ws://localhost:6006/' failed: Error in connection establishment: net::ERR_CONNECTION_REFUSED @ http://localhost:6006/@vite/client:1034
[47912064ms] [ERROR] WebSocket connection to 'ws://localhost:6006/' failed: Error in connection establishment: net::ERR_CONNECTION_REFUSED @ http://localhost:6006/@vite/client:1034
[47917124ms] [ERROR] WebSocket connection to 'ws://localhost:6006/' failed: Error in connection establishment: net::ERR_CONNECTION_REFUSED @ http://localhost:6006/@vite/client:1034
[47919721ms] [ERROR] WebSocket connection to 'ws://localhost:6006/' failed: Error in connection establishment: net::ERR_CONNECTION_REFUSED @ http://localhost:6006/@vite/client:1034
[47922635ms] [ERROR] WebSocket connection to 'ws://localhost:6006/' failed: Error in connection establishment: net::ERR_CONNECTION_REFUSED @ http://localhost:6006/@vite/client:1034
[47927876ms] [ERROR] WebSocket connection to 'ws://localhost:6006/' failed: Error in connection establishment: net::ERR_CONNECTION_REFUSED @ http://localhost:6006/@vite/client:1034
[47930872ms] [ERROR] WebSocket connection to 'ws://localhost:6006/' failed: Error in connection establishment: net::ERR_CONNECTION_REFUSED @ http://localhost:6006/@vite/client:1034
[47933094ms] [ERROR] WebSocket connection to 'ws://localhost:6006/' failed: Error in connection establishment: net::ERR_CONNECTION_REFUSED @ http://localhost:6006/@vite/client:1034
[47938908ms] [ERROR] WebSocket connection to 'ws://localhost:6006/' failed: Error in connection establishment: net::ERR_CONNECTION_REFUSED @ http://localhost:6006/@vite/client:1034
[47942568ms] [ERROR] WebSocket connection to 'ws://localhost:6006/' failed: Error in connection establishment: net::ERR_CONNECTION_REFUSED @ http://localhost:6006/@vite/client:1034
[47946548ms] [ERROR] WebSocket connection to 'ws://localhost:6006/' failed: Error in connection establishment: net::ERR_CONNECTION_REFUSED @ http://localhost:6006/@vite/client:1034
[47951198ms] [ERROR] WebSocket connection to 'ws://localhost:6006/' failed: Error in connection establishment: net::ERR_CONNECTION_REFUSED @ http://localhost:6006/@vite/client:1034
[47956118ms] [ERROR] WebSocket connection to 'ws://localhost:6006/' failed: Error in connection establishment: net::ERR_CONNECTION_REFUSED @ http://localhost:6006/@vite/client:1034
[47958982ms] [ERROR] WebSocket connection to 'ws://localhost:6006/' failed: Error in connection establishment: net::ERR_CONNECTION_REFUSED @ http://localhost:6006/@vite/client:1034
[47961990ms] [ERROR] WebSocket connection to 'ws://localhost:6006/' failed: Error in connection establishment: net::ERR_CONNECTION_REFUSED @ http://localhost:6006/@vite/client:1034
[47966370ms] [ERROR] WebSocket connection to 'ws://localhost:6006/' failed: Error in connection establishment: net::ERR_CONNECTION_REFUSED @ http://localhost:6006/@vite/client:1034
[47970575ms] [ERROR] WebSocket connection to 'ws://localhost:6006/' failed: Error in connection establishment: net::ERR_CONNECTION_REFUSED @ http://localhost:6006/@vite/client:1034
[47974425ms] [ERROR] WebSocket connection to 'ws://localhost:6006/' failed: Error in connection establishment: net::ERR_CONNECTION_REFUSED @ http://localhost:6006/@vite/client:1034
[47978174ms] [ERROR] WebSocket connection to 'ws://localhost:6006/' failed: Error in connection establishment: net::ERR_CONNECTION_REFUSED @ http://localhost:6006/@vite/client:1034
[47982231ms] [ERROR] WebSocket connection to 'ws://localhost:6006/' failed: Error in connection establishment: net::ERR_CONNECTION_REFUSED @ http://localhost:6006/@vite/client:1034
[47986302ms] [ERROR] WebSocket connection to 'ws://localhost:6006/' failed: Error in connection establishment: net::ERR_CONNECTION_REFUSED @ http://localhost:6006/@vite/client:1034
[47991594ms] [ERROR] WebSocket connection to 'ws://localhost:6006/' failed: Error in connection establishment: net::ERR_CONNECTION_REFUSED @ http://localhost:6006/@vite/client:1034
[47993672ms] [ERROR] WebSocket connection to 'ws://localhost:6006/' failed: Error in connection establishment: net::ERR_CONNECTION_REFUSED @ http://localhost:6006/@vite/client:1034
[47998930ms] [ERROR] WebSocket connection to 'ws://localhost:6006/' failed: Error in connection establishment: net::ERR_CONNECTION_REFUSED @ http://localhost:6006/@vite/client:1034
[48003298ms] [ERROR] WebSocket connection to 'ws://localhost:6006/' failed: Error in connection establishment: net::ERR_CONNECTION_REFUSED @ http://localhost:6006/@vite/client:1034
[48007998ms] [ERROR] WebSocket connection to 'ws://localhost:6006/' failed: Error in connection establishment: net::ERR_CONNECTION_REFUSED @ http://localhost:6006/@vite/client:1034
[48010414ms] [ERROR] WebSocket connection to 'ws://localhost:6006/' failed: Error in connection establishment: net::ERR_CONNECTION_REFUSED @ http://localhost:6006/@vite/client:1034
[48016365ms] [ERROR] WebSocket connection to 'ws://localhost:6006/' failed: Error in connection establishment: net::ERR_CONNECTION_REFUSED @ http://localhost:6006/@vite/client:1034
[48021466ms] [ERROR] WebSocket connection to 'ws://localhost:6006/' failed: Error in connection establishment: net::ERR_CONNECTION_REFUSED @ http://localhost:6006/@vite/client:1034
[48027373ms] [ERROR] WebSocket connection to 'ws://localhost:6006/' failed: Error in connection establishment: net::ERR_CONNECTION_REFUSED @ http://localhost:6006/@vite/client:1034
[48032982ms] [ERROR] WebSocket connection to 'ws://localhost:6006/' failed: Error in connection establishment: net::ERR_CONNECTION_REFUSED @ http://localhost:6006/@vite/client:1034
[48036017ms] [ERROR] WebSocket connection to 'ws://localhost:6006/' failed: Error in connection establishment: net::ERR_CONNECTION_REFUSED @ http://localhost:6006/@vite/client:1034
[48039717ms] [ERROR] WebSocket connection to 'ws://localhost:6006/' failed: Error in connection establishment: net::ERR_CONNECTION_REFUSED @ http://localhost:6006/@vite/client:1034
[48044703ms] [ERROR] WebSocket connection to 'ws://localhost:6006/' failed: Error in connection establishment: net::ERR_CONNECTION_REFUSED @ http://localhost:6006/@vite/client:1034
[48049395ms] [ERROR] WebSocket connection to 'ws://localhost:6006/' failed: Error in connection establishment: net::ERR_CONNECTION_REFUSED @ http://localhost:6006/@vite/client:1034
[48051570ms] [ERROR] WebSocket connection to 'ws://localhost:6006/' failed: Error in connection establishment: net::ERR_CONNECTION_REFUSED @ http://localhost:6006/@vite/client:1034
[48053731ms] [ERROR] WebSocket connection to 'ws://localhost:6006/' failed: Error in connection establishment: net::ERR_CONNECTION_REFUSED @ http://localhost:6006/@vite/client:1034
[48055900ms] [ERROR] WebSocket connection to 'ws://localhost:6006/' failed: Error in connection establishment: net::ERR_CONNECTION_REFUSED @ http://localhost:6006/@vite/client:1034
[48058254ms] [ERROR] WebSocket connection to 'ws://localhost:6006/' failed: Error in connection establishment: net::ERR_CONNECTION_REFUSED @ http://localhost:6006/@vite/client:1034
[48060770ms] [ERROR] WebSocket connection to 'ws://localhost:6006/' failed: Error in connection establishment: net::ERR_CONNECTION_REFUSED @ http://localhost:6006/@vite/client:1034
[48063859ms] [ERROR] WebSocket connection to 'ws://localhost:6006/' failed: Error in connection establishment: net::ERR_CONNECTION_REFUSED @ http://localhost:6006/@vite/client:1034
[48066008ms] [ERROR] WebSocket connection to 'ws://localhost:6006/' failed: Error in connection establishment: net::ERR_CONNECTION_REFUSED @ http://localhost:6006/@vite/client:1034
[48071432ms] [ERROR] WebSocket connection to 'ws://localhost:6006/' failed: Error in connection establishment: net::ERR_CONNECTION_REFUSED @ http://localhost:6006/@vite/client:1034
[48076587ms] [ERROR] WebSocket connection to 'ws://localhost:6006/' failed: Error in connection establishment: net::ERR_CONNECTION_REFUSED @ http://localhost:6006/@vite/client:1034
[48080635ms] [ERROR] WebSocket connection to 'ws://localhost:6006/' failed: Error in connection establishment: net::ERR_CONNECTION_REFUSED @ http://localhost:6006/@vite/client:1034
[48084350ms] [ERROR] WebSocket connection to 'ws://localhost:6006/' failed: Error in connection establishment: net::ERR_CONNECTION_REFUSED @ http://localhost:6006/@vite/client:1034
[48086721ms] [ERROR] WebSocket connection to 'ws://localhost:6006/' failed: Error in connection establishment: net::ERR_CONNECTION_REFUSED @ http://localhost:6006/@vite/client:1034
[48090791ms] [ERROR] WebSocket connection to 'ws://localhost:6006/' failed: Error in connection establishment: net::ERR_CONNECTION_REFUSED @ http://localhost:6006/@vite/client:1034
[48093029ms] [ERROR] WebSocket connection to 'ws://localhost:6006/' failed: Error in connection establishment: net::ERR_CONNECTION_REFUSED @ http://localhost:6006/@vite/client:1034
[48097897ms] [ERROR] WebSocket connection to 'ws://localhost:6006/' failed: Error in connection establishment: net::ERR_CONNECTION_REFUSED @ http://localhost:6006/@vite/client:1034
[48102253ms] [ERROR] WebSocket connection to 'ws://localhost:6006/' failed: Error in connection establishment: net::ERR_CONNECTION_REFUSED @ http://localhost:6006/@vite/client:1034
[48105515ms] [ERROR] WebSocket connection to 'ws://localhost:6006/' failed: Error in connection establishment: net::ERR_CONNECTION_REFUSED @ http://localhost:6006/@vite/client:1034
[48111186ms] [ERROR] WebSocket connection to 'ws://localhost:6006/' failed: Error in connection establishment: net::ERR_CONNECTION_REFUSED @ http://localhost:6006/@vite/client:1034
[48116910ms] [ERROR] WebSocket connection to 'ws://localhost:6006/' failed: Error in connection establishment: net::ERR_CONNECTION_REFUSED @ http://localhost:6006/@vite/client:1034
[48122920ms] [ERROR] WebSocket connection to 'ws://localhost:6006/' failed: Error in connection establishment: net::ERR_CONNECTION_REFUSED @ http://localhost:6006/@vite/client:1034
[48127391ms] [ERROR] WebSocket connection to 'ws://localhost:6006/' failed: Error in connection establishment: net::ERR_CONNECTION_REFUSED @ http://localhost:6006/@vite/client:1034
[48131386ms] [ERROR] WebSocket connection to 'ws://localhost:6006/' failed: Error in connection establishment: net::ERR_CONNECTION_REFUSED @ http://localhost:6006/@vite/client:1034
[48136319ms] [ERROR] WebSocket connection to 'ws://localhost:6006/' failed: Error in connection establishment: net::ERR_CONNECTION_REFUSED @ http://localhost:6006/@vite/client:1034
[48141028ms] [ERROR] WebSocket connection to 'ws://localhost:6006/' failed: Error in connection establishment: net::ERR_CONNECTION_REFUSED @ http://localhost:6006/@vite/client:1034
[48145803ms] [ERROR] WebSocket connection to 'ws://localhost:6006/' failed: Error in connection establishment: net::ERR_CONNECTION_REFUSED @ http://localhost:6006/@vite/client:1034
[48149709ms] [ERROR] WebSocket connection to 'ws://localhost:6006/' failed: Error in connection establishment: net::ERR_CONNECTION_REFUSED @ http://localhost:6006/@vite/client:1034
[48153072ms] [ERROR] WebSocket connection to 'ws://localhost:6006/' failed: Error in connection establishment: net::ERR_CONNECTION_REFUSED @ http://localhost:6006/@vite/client:1034
[48158182ms] [ERROR] WebSocket connection to 'ws://localhost:6006/' failed: Error in connection establishment: net::ERR_CONNECTION_REFUSED @ http://localhost:6006/@vite/client:1034
[48161022ms] [ERROR] WebSocket connection to 'ws://localhost:6006/' failed: Error in connection establishment: net::ERR_CONNECTION_REFUSED @ http://localhost:6006/@vite/client:1034
[48166467ms] [ERROR] WebSocket connection to 'ws://localhost:6006/' failed: Error in connection establishment: net::ERR_CONNECTION_REFUSED @ http://localhost:6006/@vite/client:1034
[48169414ms] [ERROR] WebSocket connection to 'ws://localhost:6006/' failed: Error in connection establishment: net::ERR_CONNECTION_REFUSED @ http://localhost:6006/@vite/client:1034
[48171731ms] [ERROR] WebSocket connection to 'ws://localhost:6006/' failed: Error in connection establishment: net::ERR_CONNECTION_REFUSED @ http://localhost:6006/@vite/client:1034
[48177441ms] [ERROR] WebSocket connection to 'ws://localhost:6006/' failed: Error in connection establishment: net::ERR_CONNECTION_REFUSED @ http://localhost:6006/@vite/client:1034
[48182371ms] [ERROR] WebSocket connection to 'ws://localhost:6006/' failed: Error in connection establishment: net::ERR_CONNECTION_REFUSED @ http://localhost:6006/@vite/client:1034
[48186214ms] [ERROR] WebSocket connection to 'ws://localhost:6006/' failed: Error in connection establishment: net::ERR_CONNECTION_REFUSED @ http://localhost:6006/@vite/client:1034
[48188683ms] [ERROR] WebSocket connection to 'ws://localhost:6006/' failed: Error in connection establishment: net::ERR_CONNECTION_REFUSED @ http://localhost:6006/@vite/client:1034
[48192652ms] [ERROR] WebSocket connection to 'ws://localhost:6006/' failed: Error in connection establishment: net::ERR_CONNECTION_REFUSED @ http://localhost:6006/@vite/client:1034
[48194924ms] [ERROR] WebSocket connection to 'ws://localhost:6006/' failed: Error in connection establishment: net::ERR_CONNECTION_REFUSED @ http://localhost:6006/@vite/client:1034
[48197874ms] [ERROR] WebSocket connection to 'ws://localhost:6006/' failed: Error in connection establishment: net::ERR_CONNECTION_REFUSED @ http://localhost:6006/@vite/client:1034
[48201091ms] [ERROR] WebSocket connection to 'ws://localhost:6006/' failed: Error in connection establishment: net::ERR_CONNECTION_REFUSED @ http://localhost:6006/@vite/client:1034
[48206558ms] [ERROR] WebSocket connection to 'ws://localhost:6006/' failed: Error in connection establishment: net::ERR_CONNECTION_REFUSED @ http://localhost:6006/@vite/client:1034
[48208962ms] [ERROR] WebSocket connection to 'ws://localhost:6006/' failed: Error in connection establishment: net::ERR_CONNECTION_REFUSED @ http://localhost:6006/@vite/client:1034
[48213186ms] [ERROR] WebSocket connection to 'ws://localhost:6006/' failed: Error in connection establishment: net::ERR_CONNECTION_REFUSED @ http://localhost:6006/@vite/client:1034
[48216920ms] [ERROR] WebSocket connection to 'ws://localhost:6006/' failed: Error in connection establishment: net::ERR_CONNECTION_REFUSED @ http://localhost:6006/@vite/client:1034
[48220908ms] [ERROR] WebSocket connection to 'ws://localhost:6006/' failed: Error in connection establishment: net::ERR_CONNECTION_REFUSED @ http://localhost:6006/@vite/client:1034
[48226451ms] [ERROR] WebSocket connection to 'ws://localhost:6006/' failed: Error in connection establishment: net::ERR_CONNECTION_REFUSED @ http://localhost:6006/@vite/client:1034
[48230952ms] [ERROR] WebSocket connection to 'ws://localhost:6006/' failed: Error in connection establishment: net::ERR_CONNECTION_REFUSED @ http://localhost:6006/@vite/client:1034
[48236297ms] [ERROR] WebSocket connection to 'ws://localhost:6006/' failed: Error in connection establishment: net::ERR_CONNECTION_REFUSED @ http://localhost:6006/@vite/client:1034
[48241528ms] [ERROR] WebSocket connection to 'ws://localhost:6006/' failed: Error in connection establishment: net::ERR_CONNECTION_REFUSED @ http://localhost:6006/@vite/client:1034
[48244287ms] [ERROR] WebSocket connection to 'ws://localhost:6006/' failed: Error in connection establishment: net::ERR_CONNECTION_REFUSED @ http://localhost:6006/@vite/client:1034
[48248480ms] [ERROR] WebSocket connection to 'ws://localhost:6006/' failed: Error in connection establishment: net::ERR_CONNECTION_REFUSED @ http://localhost:6006/@vite/client:1034
[48253129ms] [ERROR] WebSocket connection to 'ws://localhost:6006/' failed: Error in connection establishment: net::ERR_CONNECTION_REFUSED @ http://localhost:6006/@vite/client:1034
[48255604ms] [ERROR] WebSocket connection to 'ws://localhost:6006/' failed: Error in connection establishment: net::ERR_CONNECTION_REFUSED @ http://localhost:6006/@vite/client:1034
[48261019ms] [ERROR] WebSocket connection to 'ws://localhost:6006/' failed: Error in connection establishment: net::ERR_CONNECTION_REFUSED @ http://localhost:6006/@vite/client:1034
[48266587ms] [ERROR] WebSocket connection to 'ws://localhost:6006/' failed: Error in connection establishment: net::ERR_CONNECTION_REFUSED @ http://localhost:6006/@vite/client:1034
[48269171ms] [ERROR] WebSocket connection to 'ws://localhost:6006/' failed: Error in connection establishment: net::ERR_CONNECTION_REFUSED @ http://localhost:6006/@vite/client:1034
[48272316ms] [ERROR] WebSocket connection to 'ws://localhost:6006/' failed: Error in connection establishment: net::ERR_CONNECTION_REFUSED @ http://localhost:6006/@vite/client:1034
[48274729ms] [ERROR] WebSocket connection to 'ws://localhost:6006/' failed: Error in connection establishment: net::ERR_CONNECTION_REFUSED @ http://localhost:6006/@vite/client:1034
[48278058ms] [ERROR] WebSocket connection to 'ws://localhost:6006/' failed: Error in connection establishment: net::ERR_CONNECTION_REFUSED @ http://localhost:6006/@vite/client:1034
[48281359ms] [ERROR] WebSocket connection to 'ws://localhost:6006/' failed: Error in connection establishment: net::ERR_CONNECTION_REFUSED @ http://localhost:6006/@vite/client:1034
[48284834ms] [ERROR] WebSocket connection to 'ws://localhost:6006/' failed: Error in connection establishment: net::ERR_CONNECTION_REFUSED @ http://localhost:6006/@vite/client:1034
[48287004ms] [ERROR] WebSocket connection to 'ws://localhost:6006/' failed: Error in connection establishment: net::ERR_CONNECTION_REFUSED @ http://localhost:6006/@vite/client:1034
[48291572ms] [ERROR] WebSocket connection to 'ws://localhost:6006/' failed: Error in connection establishment: net::ERR_CONNECTION_REFUSED @ http://localhost:6006/@vite/client:1034
[48295158ms] [ERROR] WebSocket connection to 'ws://localhost:6006/' failed: Error in connection establishment: net::ERR_CONNECTION_REFUSED @ http://localhost:6006/@vite/client:1034
[48298437ms] [ERROR] WebSocket connection to 'ws://localhost:6006/' failed: Error in connection establishment: net::ERR_CONNECTION_REFUSED @ http://localhost:6006/@vite/client:1034
[48301781ms] [ERROR] WebSocket connection to 'ws://localhost:6006/' failed: Error in connection establishment: net::ERR_CONNECTION_REFUSED @ http://localhost:6006/@vite/client:1034
[48306300ms] [ERROR] WebSocket connection to 'ws://localhost:6006/' failed: Error in connection establishment: net::ERR_CONNECTION_REFUSED @ http://localhost:6006/@vite/client:1034
[48310407ms] [ERROR] WebSocket connection to 'ws://localhost:6006/' failed: Error in connection establishment: net::ERR_CONNECTION_REFUSED @ http://localhost:6006/@vite/client:1034
[48315409ms] [ERROR] WebSocket connection to 'ws://localhost:6006/' failed: Error in connection establishment: net::ERR_CONNECTION_REFUSED @ http://localhost:6006/@vite/client:1034
[48319514ms] [ERROR] WebSocket connection to 'ws://localhost:6006/' failed: Error in connection establishment: net::ERR_CONNECTION_REFUSED @ http://localhost:6006/@vite/client:1034
[48324775ms] [ERROR] WebSocket connection to 'ws://localhost:6006/' failed: Error in connection establishment: net::ERR_CONNECTION_REFUSED @ http://localhost:6006/@vite/client:1034
[48327672ms] [ERROR] WebSocket connection to 'ws://localhost:6006/' failed: Error in connection establishment: net::ERR_CONNECTION_REFUSED @ http://localhost:6006/@vite/client:1034
[48332512ms] [ERROR] WebSocket connection to 'ws://localhost:6006/' failed: Error in connection establishment: net::ERR_CONNECTION_REFUSED @ http://localhost:6006/@vite/client:1034
[48338520ms] [ERROR] WebSocket connection to 'ws://localhost:6006/' failed: Error in connection establishment: net::ERR_CONNECTION_REFUSED @ http://localhost:6006/@vite/client:1034
[48342652ms] [ERROR] WebSocket connection to 'ws://localhost:6006/' failed: Error in connection establishment: net::ERR_CONNECTION_REFUSED @ http://localhost:6006/@vite/client:1034
[48346745ms] [ERROR] WebSocket connection to 'ws://localhost:6006/' failed: Error in connection establishment: net::ERR_CONNECTION_REFUSED @ http://localhost:6006/@vite/client:1034
[48351607ms] [ERROR] WebSocket connection to 'ws://localhost:6006/' failed: Error in connection establishment: net::ERR_CONNECTION_REFUSED @ http://localhost:6006/@vite/client:1034
[48354886ms] [ERROR] WebSocket connection to 'ws://localhost:6006/' failed: Error in connection establishment: net::ERR_CONNECTION_REFUSED @ http://localhost:6006/@vite/client:1034
[48360233ms] [ERROR] WebSocket connection to 'ws://localhost:6006/' failed: Error in connection establishment: net::ERR_CONNECTION_REFUSED @ http://localhost:6006/@vite/client:1034
[48363122ms] [ERROR] WebSocket connection to 'ws://localhost:6006/' failed: Error in connection establishment: net::ERR_CONNECTION_REFUSED @ http://localhost:6006/@vite/client:1034
[48366100ms] [ERROR] WebSocket connection to 'ws://localhost:6006/' failed: Error in connection establishment: net::ERR_CONNECTION_REFUSED @ http://localhost:6006/@vite/client:1034
[48371488ms] [ERROR] WebSocket connection to 'ws://localhost:6006/' failed: Error in connection establishment: net::ERR_CONNECTION_REFUSED @ http://localhost:6006/@vite/client:1034
[48374688ms] [ERROR] WebSocket connection to 'ws://localhost:6006/' failed: Error in connection establishment: net::ERR_CONNECTION_REFUSED @ http://localhost:6006/@vite/client:1034
[48377367ms] [ERROR] WebSocket connection to 'ws://localhost:6006/' failed: Error in connection establishment: net::ERR_CONNECTION_REFUSED @ http://localhost:6006/@vite/client:1034
[48381032ms] [ERROR] WebSocket connection to 'ws://localhost:6006/' failed: Error in connection establishment: net::ERR_CONNECTION_REFUSED @ http://localhost:6006/@vite/client:1034
[48386637ms] [ERROR] WebSocket connection to 'ws://localhost:6006/' failed: Error in connection establishment: net::ERR_CONNECTION_REFUSED @ http://localhost:6006/@vite/client:1034
[48389579ms] [ERROR] WebSocket connection to 'ws://localhost:6006/' failed: Error in connection establishment: net::ERR_CONNECTION_REFUSED @ http://localhost:6006/@vite/client:1034
[48392258ms] [ERROR] WebSocket connection to 'ws://localhost:6006/' failed: Error in connection establishment: net::ERR_CONNECTION_REFUSED @ http://localhost:6006/@vite/client:1034
[48397995ms] [ERROR] WebSocket connection to 'ws://localhost:6006/' failed: Error in connection establishment: net::ERR_CONNECTION_REFUSED @ http://localhost:6006/@vite/client:1034
[48402943ms] [ERROR] WebSocket connection to 'ws://localhost:6006/' failed: Error in connection establishment: net::ERR_CONNECTION_REFUSED @ http://localhost:6006/@vite/client:1034
[48407546ms] [ERROR] WebSocket connection to 'ws://localhost:6006/' failed: Error in connection establishment: net::ERR_CONNECTION_REFUSED @ http://localhost:6006/@vite/client:1034
[48411034ms] [ERROR] WebSocket connection to 'ws://localhost:6006/' failed: Error in connection establishment: net::ERR_CONNECTION_REFUSED @ http://localhost:6006/@vite/client:1034
[48414596ms] [ERROR] WebSocket connection to 'ws://localhost:6006/' failed: Error in connection establishment: net::ERR_CONNECTION_REFUSED @ http://localhost:6006/@vite/client:1034
[48420460ms] [ERROR] WebSocket connection to 'ws://localhost:6006/' failed: Error in connection establishment: net::ERR_CONNECTION_REFUSED @ http://localhost:6006/@vite/client:1034
[48426210ms] [ERROR] WebSocket connection to 'ws://localhost:6006/' failed: Error in connection establishment: net::ERR_CONNECTION_REFUSED @ http://localhost:6006/@vite/client:1034
[48428882ms] [ERROR] WebSocket connection to 'ws://localhost:6006/' failed: Error in connection establishment: net::ERR_CONNECTION_REFUSED @ http://localhost:6006/@vite/client:1034
[48434046ms] [ERROR] WebSocket connection to 'ws://localhost:6006/' failed: Error in connection establishment: net::ERR_CONNECTION_REFUSED @ http://localhost:6006/@vite/client:1034
[48436163ms] [ERROR] WebSocket connection to 'ws://localhost:6006/' failed: Error in connection establishment: net::ERR_CONNECTION_REFUSED @ http://localhost:6006/@vite/client:1034
[48438775ms] [ERROR] WebSocket connection to 'ws://localhost:6006/' failed: Error in connection establishment: net::ERR_CONNECTION_REFUSED @ http://localhost:6006/@vite/client:1034
[48443554ms] [ERROR] WebSocket connection to 'ws://localhost:6006/' failed: Error in connection establishment: net::ERR_CONNECTION_REFUSED @ http://localhost:6006/@vite/client:1034
[48446119ms] [ERROR] WebSocket connection to 'ws://localhost:6006/' failed: Error in connection establishment: net::ERR_CONNECTION_REFUSED @ http://localhost:6006/@vite/client:1034
[48448383ms] [ERROR] WebSocket connection to 'ws://localhost:6006/' failed: Error in connection establishment: net::ERR_CONNECTION_REFUSED @ http://localhost:6006/@vite/client:1034
[48453369ms] [ERROR] WebSocket connection to 'ws://localhost:6006/' failed: Error in connection establishment: net::ERR_CONNECTION_REFUSED @ http://localhost:6006/@vite/client:1034
[48456818ms] [ERROR] WebSocket connection to 'ws://localhost:6006/' failed: Error in connection establishment: net::ERR_CONNECTION_REFUSED @ http://localhost:6006/@vite/client:1034
[48460962ms] [ERROR] WebSocket connection to 'ws://localhost:6006/' failed: Error in connection establishment: net::ERR_CONNECTION_REFUSED @ http://localhost:6006/@vite/client:1034
[48465796ms] [ERROR] WebSocket connection to 'ws://localhost:6006/' failed: Error in connection establishment: net::ERR_CONNECTION_REFUSED @ http://localhost:6006/@vite/client:1034
[48468839ms] [ERROR] WebSocket connection to 'ws://localhost:6006/' failed: Error in connection establishment: net::ERR_CONNECTION_REFUSED @ http://localhost:6006/@vite/client:1034
[48472787ms] [ERROR] WebSocket connection to 'ws://localhost:6006/' failed: Error in connection establishment: net::ERR_CONNECTION_REFUSED @ http://localhost:6006/@vite/client:1034
[48475453ms] [ERROR] WebSocket connection to 'ws://localhost:6006/' failed: Error in connection establishment: net::ERR_CONNECTION_REFUSED @ http://localhost:6006/@vite/client:1034
[48480560ms] [ERROR] WebSocket connection to 'ws://localhost:6006/' failed: Error in connection establishment: net::ERR_CONNECTION_REFUSED @ http://localhost:6006/@vite/client:1034
[48485304ms] [ERROR] WebSocket connection to 'ws://localhost:6006/' failed: Error in connection establishment: net::ERR_CONNECTION_REFUSED @ http://localhost:6006/@vite/client:1034
[48488174ms] [ERROR] WebSocket connection to 'ws://localhost:6006/' failed: Error in connection establishment: net::ERR_CONNECTION_REFUSED @ http://localhost:6006/@vite/client:1034
[48492617ms] [ERROR] WebSocket connection to 'ws://localhost:6006/' failed: Error in connection establishment: net::ERR_CONNECTION_REFUSED @ http://localhost:6006/@vite/client:1034
[48494843ms] [ERROR] WebSocket connection to 'ws://localhost:6006/' failed: Error in connection establishment: net::ERR_CONNECTION_REFUSED @ http://localhost:6006/@vite/client:1034
[48498726ms] [ERROR] WebSocket connection to 'ws://localhost:6006/' failed: Error in connection establishment: net::ERR_CONNECTION_REFUSED @ http://localhost:6006/@vite/client:1034
[48504602ms] [ERROR] WebSocket connection to 'ws://localhost:6006/' failed: Error in connection establishment: net::ERR_CONNECTION_REFUSED @ http://localhost:6006/@vite/client:1034
[48509659ms] [ERROR] WebSocket connection to 'ws://localhost:6006/' failed: Error in connection establishment: net::ERR_CONNECTION_REFUSED @ http://localhost:6006/@vite/client:1034
[48515342ms] [ERROR] WebSocket connection to 'ws://localhost:6006/' failed: Error in connection establishment: net::ERR_CONNECTION_REFUSED @ http://localhost:6006/@vite/client:1034
[48518337ms] [ERROR] WebSocket connection to 'ws://localhost:6006/' failed: Error in connection establishment: net::ERR_CONNECTION_REFUSED @ http://localhost:6006/@vite/client:1034
[48524333ms] [ERROR] WebSocket connection to 'ws://localhost:6006/' failed: Error in connection establishment: net::ERR_CONNECTION_REFUSED @ http://localhost:6006/@vite/client:1034
[48527905ms] [ERROR] WebSocket connection to 'ws://localhost:6006/' failed: Error in connection establishment: net::ERR_CONNECTION_REFUSED @ http://localhost:6006/@vite/client:1034
[48530695ms] [ERROR] WebSocket connection to 'ws://localhost:6006/' failed: Error in connection establishment: net::ERR_CONNECTION_REFUSED @ http://localhost:6006/@vite/client:1034
[48535171ms] [ERROR] WebSocket connection to 'ws://localhost:6006/' failed: Error in connection establishment: net::ERR_CONNECTION_REFUSED @ http://localhost:6006/@vite/client:1034
[48540855ms] [ERROR] WebSocket connection to 'ws://localhost:6006/' failed: Error in connection establishment: net::ERR_CONNECTION_REFUSED @ http://localhost:6006/@vite/client:1034
[48546712ms] [ERROR] WebSocket connection to 'ws://localhost:6006/' failed: Error in connection establishment: net::ERR_CONNECTION_REFUSED @ http://localhost:6006/@vite/client:1034
[48550098ms] [ERROR] WebSocket connection to 'ws://localhost:6006/' failed: Error in connection establishment: net::ERR_CONNECTION_REFUSED @ http://localhost:6006/@vite/client:1034
[48555970ms] [ERROR] WebSocket connection to 'ws://localhost:6006/' failed: Error in connection establishment: net::ERR_CONNECTION_REFUSED @ http://localhost:6006/@vite/client:1034
[48558955ms] [ERROR] WebSocket connection to 'ws://localhost:6006/' failed: Error in connection establishment: net::ERR_CONNECTION_REFUSED @ http://localhost:6006/@vite/client:1034
[48562971ms] [ERROR] WebSocket connection to 'ws://localhost:6006/' failed: Error in connection establishment: net::ERR_CONNECTION_REFUSED @ http://localhost:6006/@vite/client:1034
[48566659ms] [ERROR] WebSocket connection to 'ws://localhost:6006/' failed: Error in connection establishment: net::ERR_CONNECTION_REFUSED @ http://localhost:6006/@vite/client:1034
[48571185ms] [ERROR] WebSocket connection to 'ws://localhost:6006/' failed: Error in connection establishment: net::ERR_CONNECTION_REFUSED @ http://localhost:6006/@vite/client:1034
[48576498ms] [ERROR] WebSocket connection to 'ws://localhost:6006/' failed: Error in connection establishment: net::ERR_CONNECTION_REFUSED @ http://localhost:6006/@vite/client:1034
[48581214ms] [ERROR] WebSocket connection to 'ws://localhost:6006/' failed: Error in connection establishment: net::ERR_CONNECTION_REFUSED @ http://localhost:6006/@vite/client:1034
[48585234ms] [ERROR] WebSocket connection to 'ws://localhost:6006/' failed: Error in connection establishment: net::ERR_CONNECTION_REFUSED @ http://localhost:6006/@vite/client:1034
[48587858ms] [ERROR] WebSocket connection to 'ws://localhost:6006/' failed: Error in connection establishment: net::ERR_CONNECTION_REFUSED @ http://localhost:6006/@vite/client:1034
[48590839ms] [ERROR] WebSocket connection to 'ws://localhost:6006/' failed: Error in connection establishment: net::ERR_CONNECTION_REFUSED @ http://localhost:6006/@vite/client:1034
[48593188ms] [ERROR] WebSocket connection to 'ws://localhost:6006/' failed: Error in connection establishment: net::ERR_CONNECTION_REFUSED @ http://localhost:6006/@vite/client:1034
[48596105ms] [ERROR] WebSocket connection to 'ws://localhost:6006/' failed: Error in connection establishment: net::ERR_CONNECTION_REFUSED @ http://localhost:6006/@vite/client:1034
[48601004ms] [ERROR] WebSocket connection to 'ws://localhost:6006/' failed: Error in connection establishment: net::ERR_CONNECTION_REFUSED @ http://localhost:6006/@vite/client:1034
[48605252ms] [ERROR] WebSocket connection to 'ws://localhost:6006/' failed: Error in connection establishment: net::ERR_CONNECTION_REFUSED @ http://localhost:6006/@vite/client:1034
[48608851ms] [ERROR] WebSocket connection to 'ws://localhost:6006/' failed: Error in connection establishment: net::ERR_CONNECTION_REFUSED @ http://localhost:6006/@vite/client:1034
[48612061ms] [ERROR] WebSocket connection to 'ws://localhost:6006/' failed: Error in connection establishment: net::ERR_CONNECTION_REFUSED @ http://localhost:6006/@vite/client:1034
[48615575ms] [ERROR] WebSocket connection to 'ws://localhost:6006/' failed: Error in connection establishment: net::ERR_CONNECTION_REFUSED @ http://localhost:6006/@vite/client:1034
[48621617ms] [ERROR] WebSocket connection to 'ws://localhost:6006/' failed: Error in connection establishment: net::ERR_CONNECTION_REFUSED @ http://localhost:6006/@vite/client:1034
[48624706ms] [ERROR] WebSocket connection to 'ws://localhost:6006/' failed: Error in connection establishment: net::ERR_CONNECTION_REFUSED @ http://localhost:6006/@vite/client:1034
[48628313ms] [ERROR] WebSocket connection to 'ws://localhost:6006/' failed: Error in connection establishment: net::ERR_CONNECTION_REFUSED @ http://localhost:6006/@vite/client:1034
[48634109ms] [ERROR] WebSocket connection to 'ws://localhost:6006/' failed: Error in connection establishment: net::ERR_CONNECTION_REFUSED @ http://localhost:6006/@vite/client:1034
[48636927ms] [ERROR] WebSocket connection to 'ws://localhost:6006/' failed: Error in connection establishment: net::ERR_CONNECTION_REFUSED @ http://localhost:6006/@vite/client:1034
[48640938ms] [ERROR] WebSocket connection to 'ws://localhost:6006/' failed: Error in connection establishment: net::ERR_CONNECTION_REFUSED @ http://localhost:6006/@vite/client:1034
[48645280ms] [ERROR] WebSocket connection to 'ws://localhost:6006/' failed: Error in connection establishment: net::ERR_CONNECTION_REFUSED @ http://localhost:6006/@vite/client:1034
[48648450ms] [ERROR] WebSocket connection to 'ws://localhost:6006/' failed: Error in connection establishment: net::ERR_CONNECTION_REFUSED @ http://localhost:6006/@vite/client:1034
[48653300ms] [ERROR] WebSocket connection to 'ws://localhost:6006/' failed: Error in connection establishment: net::ERR_CONNECTION_REFUSED @ http://localhost:6006/@vite/client:1034
[48655556ms] [ERROR] WebSocket connection to 'ws://localhost:6006/' failed: Error in connection establishment: net::ERR_CONNECTION_REFUSED @ http://localhost:6006/@vite/client:1034
[48661346ms] [ERROR] WebSocket connection to 'ws://localhost:6006/' failed: Error in connection establishment: net::ERR_CONNECTION_REFUSED @ http://localhost:6006/@vite/client:1034
[48666389ms] [ERROR] WebSocket connection to 'ws://localhost:6006/' failed: Error in connection establishment: net::ERR_CONNECTION_REFUSED @ http://localhost:6006/@vite/client:1034
[48669755ms] [ERROR] WebSocket connection to 'ws://localhost:6006/' failed: Error in connection establishment: net::ERR_CONNECTION_REFUSED @ http://localhost:6006/@vite/client:1034
[48675784ms] [ERROR] WebSocket connection to 'ws://localhost:6006/' failed: Error in connection establishment: net::ERR_CONNECTION_REFUSED @ http://localhost:6006/@vite/client:1034
[48681109ms] [ERROR] WebSocket connection to 'ws://localhost:6006/' failed: Error in connection establishment: net::ERR_CONNECTION_REFUSED @ http://localhost:6006/@vite/client:1034
[48683817ms] [ERROR] WebSocket connection to 'ws://localhost:6006/' failed: Error in connection establishment: net::ERR_CONNECTION_REFUSED @ http://localhost:6006/@vite/client:1034
[48686963ms] [ERROR] WebSocket connection to 'ws://localhost:6006/' failed: Error in connection establishment: net::ERR_CONNECTION_REFUSED @ http://localhost:6006/@vite/client:1034
[48689817ms] [ERROR] WebSocket connection to 'ws://localhost:6006/' failed: Error in connection establishment: net::ERR_CONNECTION_REFUSED @ http://localhost:6006/@vite/client:1034
[48693598ms] [ERROR] WebSocket connection to 'ws://localhost:6006/' failed: Error in connection establishment: net::ERR_CONNECTION_REFUSED @ http://localhost:6006/@vite/client:1034
[48696185ms] [ERROR] WebSocket connection to 'ws://localhost:6006/' failed: Error in connection establishment: net::ERR_CONNECTION_REFUSED @ http://localhost:6006/@vite/client:1034
[48699714ms] [ERROR] WebSocket connection to 'ws://localhost:6006/' failed: Error in connection establishment: net::ERR_CONNECTION_REFUSED @ http://localhost:6006/@vite/client:1034
[48702084ms] [ERROR] WebSocket connection to 'ws://localhost:6006/' failed: Error in connection establishment: net::ERR_CONNECTION_REFUSED @ http://localhost:6006/@vite/client:1034
[48705299ms] [ERROR] WebSocket connection to 'ws://localhost:6006/' failed: Error in connection establishment: net::ERR_CONNECTION_REFUSED @ http://localhost:6006/@vite/client:1034
[48709680ms] [ERROR] WebSocket connection to 'ws://localhost:6006/' failed: Error in connection establishment: net::ERR_CONNECTION_REFUSED @ http://localhost:6006/@vite/client:1034
[48713496ms] [ERROR] WebSocket connection to 'ws://localhost:6006/' failed: Error in connection establishment: net::ERR_CONNECTION_REFUSED @ http://localhost:6006/@vite/client:1034
[48717063ms] [ERROR] WebSocket connection to 'ws://localhost:6006/' failed: Error in connection establishment: net::ERR_CONNECTION_REFUSED @ http://localhost:6006/@vite/client:1034
[48721663ms] [ERROR] WebSocket connection to 'ws://localhost:6006/' failed: Error in connection establishment: net::ERR_CONNECTION_REFUSED @ http://localhost:6006/@vite/client:1034
[48724790ms] [ERROR] WebSocket connection to 'ws://localhost:6006/' failed: Error in connection establishment: net::ERR_CONNECTION_REFUSED @ http://localhost:6006/@vite/client:1034
[48727552ms] [ERROR] WebSocket connection to 'ws://localhost:6006/' failed: Error in connection establishment: net::ERR_CONNECTION_REFUSED @ http://localhost:6006/@vite/client:1034
[48730497ms] [ERROR] WebSocket connection to 'ws://localhost:6006/' failed: Error in connection establishment: net::ERR_CONNECTION_REFUSED @ http://localhost:6006/@vite/client:1034
[48733993ms] [ERROR] WebSocket connection to 'ws://localhost:6006/' failed: Error in connection establishment: net::ERR_CONNECTION_REFUSED @ http://localhost:6006/@vite/client:1034
[48738438ms] [ERROR] WebSocket connection to 'ws://localhost:6006/' failed: Error in connection establishment: net::ERR_CONNECTION_REFUSED @ http://localhost:6006/@vite/client:1034
[48743747ms] [ERROR] WebSocket connection to 'ws://localhost:6006/' failed: Error in connection establishment: net::ERR_CONNECTION_REFUSED @ http://localhost:6006/@vite/client:1034
[48748736ms] [ERROR] WebSocket connection to 'ws://localhost:6006/' failed: Error in connection establishment: net::ERR_CONNECTION_REFUSED @ http://localhost:6006/@vite/client:1034
[48750840ms] [ERROR] WebSocket connection to 'ws://localhost:6006/' failed: Error in connection establishment: net::ERR_CONNECTION_REFUSED @ http://localhost:6006/@vite/client:1034
[48754164ms] [ERROR] WebSocket connection to 'ws://localhost:6006/' failed: Error in connection establishment: net::ERR_CONNECTION_REFUSED @ http://localhost:6006/@vite/client:1034
[48756413ms] [ERROR] WebSocket connection to 'ws://localhost:6006/' failed: Error in connection establishment: net::ERR_CONNECTION_REFUSED @ http://localhost:6006/@vite/client:1034
[48761792ms] [ERROR] WebSocket connection to 'ws://localhost:6006/' failed: Error in connection establishment: net::ERR_CONNECTION_REFUSED @ http://localhost:6006/@vite/client:1034
[48765990ms] [ERROR] WebSocket connection to 'ws://localhost:6006/' failed: Error in connection establishment: net::ERR_CONNECTION_REFUSED @ http://localhost:6006/@vite/client:1034
[48769364ms] [ERROR] WebSocket connection to 'ws://localhost:6006/' failed: Error in connection establishment: net::ERR_CONNECTION_REFUSED @ http://localhost:6006/@vite/client:1034
[48774080ms] [ERROR] WebSocket connection to 'ws://localhost:6006/' failed: Error in connection establishment: net::ERR_CONNECTION_REFUSED @ http://localhost:6006/@vite/client:1034
[48779123ms] [ERROR] WebSocket connection to 'ws://localhost:6006/' failed: Error in connection establishment: net::ERR_CONNECTION_REFUSED @ http://localhost:6006/@vite/client:1034
[48783485ms] [ERROR] WebSocket connection to 'ws://localhost:6006/' failed: Error in connection establishment: net::ERR_CONNECTION_REFUSED @ http://localhost:6006/@vite/client:1034
[48786930ms] [ERROR] WebSocket connection to 'ws://localhost:6006/' failed: Error in connection establishment: net::ERR_CONNECTION_REFUSED @ http://localhost:6006/@vite/client:1034
[48791060ms] [ERROR] WebSocket connection to 'ws://localhost:6006/' failed: Error in connection establishment: net::ERR_CONNECTION_REFUSED @ http://localhost:6006/@vite/client:1034
[48794385ms] [ERROR] WebSocket connection to 'ws://localhost:6006/' failed: Error in connection establishment: net::ERR_CONNECTION_REFUSED @ http://localhost:6006/@vite/client:1034
[48799759ms] [ERROR] WebSocket connection to 'ws://localhost:6006/' failed: Error in connection establishment: net::ERR_CONNECTION_REFUSED @ http://localhost:6006/@vite/client:1034
[48805190ms] [ERROR] WebSocket connection to 'ws://localhost:6006/' failed: Error in connection establishment: net::ERR_CONNECTION_REFUSED @ http://localhost:6006/@vite/client:1034
[48809997ms] [ERROR] WebSocket connection to 'ws://localhost:6006/' failed: Error in connection establishment: net::ERR_CONNECTION_REFUSED @ http://localhost:6006/@vite/client:1034
[48814478ms] [ERROR] WebSocket connection to 'ws://localhost:6006/' failed: Error in connection establishment: net::ERR_CONNECTION_REFUSED @ http://localhost:6006/@vite/client:1034
[48816918ms] [ERROR] WebSocket connection to 'ws://localhost:6006/' failed: Error in connection establishment: net::ERR_CONNECTION_REFUSED @ http://localhost:6006/@vite/client:1034
[48819962ms] [ERROR] WebSocket connection to 'ws://localhost:6006/' failed: Error in connection establishment: net::ERR_CONNECTION_REFUSED @ http://localhost:6006/@vite/client:1034
[48825362ms] [ERROR] WebSocket connection to 'ws://localhost:6006/' failed: Error in connection establishment: net::ERR_CONNECTION_REFUSED @ http://localhost:6006/@vite/client:1034
[48829382ms] [ERROR] WebSocket connection to 'ws://localhost:6006/' failed: Error in connection establishment: net::ERR_CONNECTION_REFUSED @ http://localhost:6006/@vite/client:1034
[48833880ms] [ERROR] WebSocket connection to 'ws://localhost:6006/' failed: Error in connection establishment: net::ERR_CONNECTION_REFUSED @ http://localhost:6006/@vite/client:1034
[48836086ms] [ERROR] WebSocket connection to 'ws://localhost:6006/' failed: Error in connection establishment: net::ERR_CONNECTION_REFUSED @ http://localhost:6006/@vite/client:1034
[48841318ms] [ERROR] WebSocket connection to 'ws://localhost:6006/' failed: Error in connection establishment: net::ERR_CONNECTION_REFUSED @ http://localhost:6006/@vite/client:1034
[48845689ms] [ERROR] WebSocket connection to 'ws://localhost:6006/' failed: Error in connection establishment: net::ERR_CONNECTION_REFUSED @ http://localhost:6006/@vite/client:1034
[48849915ms] [ERROR] WebSocket connection to 'ws://localhost:6006/' failed: Error in connection establishment: net::ERR_CONNECTION_REFUSED @ http://localhost:6006/@vite/client:1034
[48852749ms] [ERROR] WebSocket connection to 'ws://localhost:6006/' failed: Error in connection establishment: net::ERR_CONNECTION_REFUSED @ http://localhost:6006/@vite/client:1034
[48857068ms] [ERROR] WebSocket connection to 'ws://localhost:6006/' failed: Error in connection establishment: net::ERR_CONNECTION_REFUSED @ http://localhost:6006/@vite/client:1034
[48862161ms] [ERROR] WebSocket connection to 'ws://localhost:6006/' failed: Error in connection establishment: net::ERR_CONNECTION_REFUSED @ http://localhost:6006/@vite/client:1034
[48865657ms] [ERROR] WebSocket connection to 'ws://localhost:6006/' failed: Error in connection establishment: net::ERR_CONNECTION_REFUSED @ http://localhost:6006/@vite/client:1034
[48870723ms] [ERROR] WebSocket connection to 'ws://localhost:6006/' failed: Error in connection establishment: net::ERR_CONNECTION_REFUSED @ http://localhost:6006/@vite/client:1034
[48874072ms] [ERROR] WebSocket connection to 'ws://localhost:6006/' failed: Error in connection establishment: net::ERR_CONNECTION_REFUSED @ http://localhost:6006/@vite/client:1034
[48879606ms] [ERROR] WebSocket connection to 'ws://localhost:6006/' failed: Error in connection establishment: net::ERR_CONNECTION_REFUSED @ http://localhost:6006/@vite/client:1034
[48884805ms] [ERROR] WebSocket connection to 'ws://localhost:6006/' failed: Error in connection establishment: net::ERR_CONNECTION_REFUSED @ http://localhost:6006/@vite/client:1034
[48887715ms] [ERROR] WebSocket connection to 'ws://localhost:6006/' failed: Error in connection establishment: net::ERR_CONNECTION_REFUSED @ http://localhost:6006/@vite/client:1034
[48892895ms] [ERROR] WebSocket connection to 'ws://localhost:6006/' failed: Error in connection establishment: net::ERR_CONNECTION_REFUSED @ http://localhost:6006/@vite/client:1034
[48898369ms] [ERROR] WebSocket connection to 'ws://localhost:6006/' failed: Error in connection establishment: net::ERR_CONNECTION_REFUSED @ http://localhost:6006/@vite/client:1034
[48904239ms] [ERROR] WebSocket connection to 'ws://localhost:6006/' failed: Error in connection establishment: net::ERR_CONNECTION_REFUSED @ http://localhost:6006/@vite/client:1034
[48909767ms] [ERROR] WebSocket connection to 'ws://localhost:6006/' failed: Error in connection establishment: net::ERR_CONNECTION_REFUSED @ http://localhost:6006/@vite/client:1034
[48915695ms] [ERROR] WebSocket connection to 'ws://localhost:6006/' failed: Error in connection establishment: net::ERR_CONNECTION_REFUSED @ http://localhost:6006/@vite/client:1034
[48920669ms] [ERROR] WebSocket connection to 'ws://localhost:6006/' failed: Error in connection establishment: net::ERR_CONNECTION_REFUSED @ http://localhost:6006/@vite/client:1034
[48926540ms] [ERROR] WebSocket connection to 'ws://localhost:6006/' failed: Error in connection establishment: net::ERR_CONNECTION_REFUSED @ http://localhost:6006/@vite/client:1034
[48931210ms] [ERROR] WebSocket connection to 'ws://localhost:6006/' failed: Error in connection establishment: net::ERR_CONNECTION_REFUSED @ http://localhost:6006/@vite/client:1034
[48934145ms] [ERROR] WebSocket connection to 'ws://localhost:6006/' failed: Error in connection establishment: net::ERR_CONNECTION_REFUSED @ http://localhost:6006/@vite/client:1034
[48938127ms] [ERROR] WebSocket connection to 'ws://localhost:6006/' failed: Error in connection establishment: net::ERR_CONNECTION_REFUSED @ http://localhost:6006/@vite/client:1034
[48940882ms] [ERROR] WebSocket connection to 'ws://localhost:6006/' failed: Error in connection establishment: net::ERR_CONNECTION_REFUSED @ http://localhost:6006/@vite/client:1034
[48945445ms] [ERROR] WebSocket connection to 'ws://localhost:6006/' failed: Error in connection establishment: net::ERR_CONNECTION_REFUSED @ http://localhost:6006/@vite/client:1034
[48948677ms] [ERROR] WebSocket connection to 'ws://localhost:6006/' failed: Error in connection establishment: net::ERR_CONNECTION_REFUSED @ http://localhost:6006/@vite/client:1034
[48953778ms] [ERROR] WebSocket connection to 'ws://localhost:6006/' failed: Error in connection establishment: net::ERR_CONNECTION_REFUSED @ http://localhost:6006/@vite/client:1034
[48956295ms] [ERROR] WebSocket connection to 'ws://localhost:6006/' failed: Error in connection establishment: net::ERR_CONNECTION_REFUSED @ http://localhost:6006/@vite/client:1034
[48960443ms] [ERROR] WebSocket connection to 'ws://localhost:6006/' failed: Error in connection establishment: net::ERR_CONNECTION_REFUSED @ http://localhost:6006/@vite/client:1034
[48963376ms] [ERROR] WebSocket connection to 'ws://localhost:6006/' failed: Error in connection establishment: net::ERR_CONNECTION_REFUSED @ http://localhost:6006/@vite/client:1034
[48969324ms] [ERROR] WebSocket connection to 'ws://localhost:6006/' failed: Error in connection establishment: net::ERR_CONNECTION_REFUSED @ http://localhost:6006/@vite/client:1034
[48972760ms] [ERROR] WebSocket connection to 'ws://localhost:6006/' failed: Error in connection establishment: net::ERR_CONNECTION_REFUSED @ http://localhost:6006/@vite/client:1034
[48977071ms] [ERROR] WebSocket connection to 'ws://localhost:6006/' failed: Error in connection establishment: net::ERR_CONNECTION_REFUSED @ http://localhost:6006/@vite/client:1034
[48980032ms] [ERROR] WebSocket connection to 'ws://localhost:6006/' failed: Error in connection establishment: net::ERR_CONNECTION_REFUSED @ http://localhost:6006/@vite/client:1034
[48983378ms] [ERROR] WebSocket connection to 'ws://localhost:6006/' failed: Error in connection establishment: net::ERR_CONNECTION_REFUSED @ http://localhost:6006/@vite/client:1034
[48986466ms] [ERROR] WebSocket connection to 'ws://localhost:6006/' failed: Error in connection establishment: net::ERR_CONNECTION_REFUSED @ http://localhost:6006/@vite/client:1034
[48989469ms] [ERROR] WebSocket connection to 'ws://localhost:6006/' failed: Error in connection establishment: net::ERR_CONNECTION_REFUSED @ http://localhost:6006/@vite/client:1034
[48992964ms] [ERROR] WebSocket connection to 'ws://localhost:6006/' failed: Error in connection establishment: net::ERR_CONNECTION_REFUSED @ http://localhost:6006/@vite/client:1034
[48997066ms] [ERROR] WebSocket connection to 'ws://localhost:6006/' failed: Error in connection establishment: net::ERR_CONNECTION_REFUSED @ http://localhost:6006/@vite/client:1034
[49002195ms] [ERROR] WebSocket connection to 'ws://localhost:6006/' failed: Error in connection establishment: net::ERR_CONNECTION_REFUSED @ http://localhost:6006/@vite/client:1034
[49007583ms] [ERROR] WebSocket connection to 'ws://localhost:6006/' failed: Error in connection establishment: net::ERR_CONNECTION_REFUSED @ http://localhost:6006/@vite/client:1034
[49011321ms] [ERROR] WebSocket connection to 'ws://localhost:6006/' failed: Error in connection establishment: net::ERR_CONNECTION_REFUSED @ http://localhost:6006/@vite/client:1034
[49014462ms] [ERROR] WebSocket connection to 'ws://localhost:6006/' failed: Error in connection establishment: net::ERR_CONNECTION_REFUSED @ http://localhost:6006/@vite/client:1034
[49019689ms] [ERROR] WebSocket connection to 'ws://localhost:6006/' failed: Error in connection establishment: net::ERR_CONNECTION_REFUSED @ http://localhost:6006/@vite/client:1034
[49024806ms] [ERROR] WebSocket connection to 'ws://localhost:6006/' failed: Error in connection establishment: net::ERR_CONNECTION_REFUSED @ http://localhost:6006/@vite/client:1034
[49029263ms] [ERROR] WebSocket connection to 'ws://localhost:6006/' failed: Error in connection establishment: net::ERR_CONNECTION_REFUSED @ http://localhost:6006/@vite/client:1034
[49035215ms] [ERROR] WebSocket connection to 'ws://localhost:6006/' failed: Error in connection establishment: net::ERR_CONNECTION_REFUSED @ http://localhost:6006/@vite/client:1034
[49037998ms] [ERROR] WebSocket connection to 'ws://localhost:6006/' failed: Error in connection establishment: net::ERR_CONNECTION_REFUSED @ http://localhost:6006/@vite/client:1034
[49041964ms] [ERROR] WebSocket connection to 'ws://localhost:6006/' failed: Error in connection establishment: net::ERR_CONNECTION_REFUSED @ http://localhost:6006/@vite/client:1034
[49044253ms] [ERROR] WebSocket connection to 'ws://localhost:6006/' failed: Error in connection establishment: net::ERR_CONNECTION_REFUSED @ http://localhost:6006/@vite/client:1034
[49048898ms] [ERROR] WebSocket connection to 'ws://localhost:6006/' failed: Error in connection establishment: net::ERR_CONNECTION_REFUSED @ http://localhost:6006/@vite/client:1034
[49052368ms] [ERROR] WebSocket connection to 'ws://localhost:6006/' failed: Error in connection establishment: net::ERR_CONNECTION_REFUSED @ http://localhost:6006/@vite/client:1034
[49056043ms] [ERROR] WebSocket connection to 'ws://localhost:6006/' failed: Error in connection establishment: net::ERR_CONNECTION_REFUSED @ http://localhost:6006/@vite/client:1034
[49060642ms] [ERROR] WebSocket connection to 'ws://localhost:6006/' failed: Error in connection establishment: net::ERR_CONNECTION_REFUSED @ http://localhost:6006/@vite/client:1034
[49064157ms] [ERROR] WebSocket connection to 'ws://localhost:6006/' failed: Error in connection establishment: net::ERR_CONNECTION_REFUSED @ http://localhost:6006/@vite/client:1034
[49065161ms] [ERROR] WebSocket connection to 'ws://localhost:6006/' failed: Error in connection establishment: net::ERR_CONNECTION_REFUSED @ http://localhost:6006/@vite/client:1034
[49066195ms] [ERROR] WebSocket connection to 'ws://localhost:6006/' failed: Error in connection establishment: net::ERR_CONNECTION_REFUSED @ http://localhost:6006/@vite/client:1034
[49067198ms] [ERROR] WebSocket connection to 'ws://localhost:6006/' failed: Error in connection establishment: net::ERR_CONNECTION_REFUSED @ http://localhost:6006/@vite/client:1034
[49068221ms] [ERROR] WebSocket connection to 'ws://localhost:6006/' failed: Error in connection establishment: net::ERR_CONNECTION_REFUSED @ http://localhost:6006/@vite/client:1034
[49069233ms] [ERROR] WebSocket connection to 'ws://localhost:6006/' failed: Error in connection establishment: net::ERR_CONNECTION_REFUSED @ http://localhost:6006/@vite/client:1034
[49070238ms] [ERROR] WebSocket connection to 'ws://localhost:6006/' failed: Error in connection establishment: net::ERR_CONNECTION_REFUSED @ http://localhost:6006/@vite/client:1034
[49071272ms] [ERROR] WebSocket connection to 'ws://localhost:6006/' failed: Error in connection establishment: net::ERR_CONNECTION_REFUSED @ http://localhost:6006/@vite/client:1034
[49072290ms] [ERROR] WebSocket connection to 'ws://localhost:6006/' failed: Error in connection establishment: net::ERR_CONNECTION_REFUSED @ http://localhost:6006/@vite/client:1034
[49073365ms] [ERROR] WebSocket connection to 'ws://localhost:6006/' failed: Error in connection establishment: net::ERR_CONNECTION_REFUSED @ http://localhost:6006/@vite/client:1034
[49074483ms] [ERROR] WebSocket connection to 'ws://localhost:6006/' failed: Error in connection establishment: net::ERR_CONNECTION_REFUSED @ http://localhost:6006/@vite/client:1034
[49075640ms] [ERROR] WebSocket connection to 'ws://localhost:6006/' failed: Error in connection establishment: net::ERR_CONNECTION_REFUSED @ http://localhost:6006/@vite/client:1034
[49076744ms] [ERROR] WebSocket connection to 'ws://localhost:6006/' failed: Error in connection establishment: net::ERR_CONNECTION_REFUSED @ http://localhost:6006/@vite/client:1034
[49078357ms] [ERROR] WebSocket connection to 'ws://localhost:6006/' failed: Error in connection establishment: net::ERR_CONNECTION_REFUSED @ http://localhost:6006/@vite/client:1034
[49079999ms] [ERROR] WebSocket connection to 'ws://localhost:6006/' failed: Error in connection establishment: net::ERR_CONNECTION_REFUSED @ http://localhost:6006/@vite/client:1034
[49082703ms] [ERROR] WebSocket connection to 'ws://localhost:6006/' failed: Error in connection establishment: net::ERR_CONNECTION_REFUSED @ http://localhost:6006/@vite/client:1034
[49088197ms] [ERROR] WebSocket connection to 'ws://localhost:6006/' failed: Error in connection establishment: net::ERR_CONNECTION_REFUSED @ http://localhost:6006/@vite/client:1034
[49093102ms] [ERROR] WebSocket connection to 'ws://localhost:6006/' failed: Error in connection establishment: net::ERR_CONNECTION_REFUSED @ http://localhost:6006/@vite/client:1034
[49095336ms] [ERROR] WebSocket connection to 'ws://localhost:6006/' failed: Error in connection establishment: net::ERR_CONNECTION_REFUSED @ http://localhost:6006/@vite/client:1034
[49098291ms] [ERROR] WebSocket connection to 'ws://localhost:6006/' failed: Error in connection establishment: net::ERR_CONNECTION_REFUSED @ http://localhost:6006/@vite/client:1034
[49103543ms] [ERROR] WebSocket connection to 'ws://localhost:6006/' failed: Error in connection establishment: net::ERR_CONNECTION_REFUSED @ http://localhost:6006/@vite/client:1034
[49107986ms] [ERROR] WebSocket connection to 'ws://localhost:6006/' failed: Error in connection establishment: net::ERR_CONNECTION_REFUSED @ http://localhost:6006/@vite/client:1034
[49110673ms] [ERROR] WebSocket connection to 'ws://localhost:6006/' failed: Error in connection establishment: net::ERR_CONNECTION_REFUSED @ http://localhost:6006/@vite/client:1034
[49115253ms] [ERROR] WebSocket connection to 'ws://localhost:6006/' failed: Error in connection establishment: net::ERR_CONNECTION_REFUSED @ http://localhost:6006/@vite/client:1034
[49120191ms] [ERROR] WebSocket connection to 'ws://localhost:6006/' failed: Error in connection establishment: net::ERR_CONNECTION_REFUSED @ http://localhost:6006/@vite/client:1034
[49125811ms] [ERROR] WebSocket connection to 'ws://localhost:6006/' failed: Error in connection establishment: net::ERR_CONNECTION_REFUSED @ http://localhost:6006/@vite/client:1034
[49131296ms] [ERROR] WebSocket connection to 'ws://localhost:6006/' failed: Error in connection establishment: net::ERR_CONNECTION_REFUSED @ http://localhost:6006/@vite/client:1034
[49137233ms] [ERROR] WebSocket connection to 'ws://localhost:6006/' failed: Error in connection establishment: net::ERR_CONNECTION_REFUSED @ http://localhost:6006/@vite/client:1034
[49143156ms] [ERROR] WebSocket connection to 'ws://localhost:6006/' failed: Error in connection establishment: net::ERR_CONNECTION_REFUSED @ http://localhost:6006/@vite/client:1034
[49146930ms] [ERROR] WebSocket connection to 'ws://localhost:6006/' failed: Error in connection establishment: net::ERR_CONNECTION_REFUSED @ http://localhost:6006/@vite/client:1034
[49152292ms] [ERROR] WebSocket connection to 'ws://localhost:6006/' failed: Error in connection establishment: net::ERR_CONNECTION_REFUSED @ http://localhost:6006/@vite/client:1034
[49157595ms] [ERROR] WebSocket connection to 'ws://localhost:6006/' failed: Error in connection establishment: net::ERR_CONNECTION_REFUSED @ http://localhost:6006/@vite/client:1034
[49160711ms] [ERROR] WebSocket connection to 'ws://localhost:6006/' failed: Error in connection establishment: net::ERR_CONNECTION_REFUSED @ http://localhost:6006/@vite/client:1034
[49162769ms] [ERROR] WebSocket connection to 'ws://localhost:6006/' failed: Error in connection establishment: net::ERR_CONNECTION_REFUSED @ http://localhost:6006/@vite/client:1034
[49164943ms] [ERROR] WebSocket connection to 'ws://localhost:6006/' failed: Error in connection establishment: net::ERR_CONNECTION_REFUSED @ http://localhost:6006/@vite/client:1034
[49167359ms] [ERROR] WebSocket connection to 'ws://localhost:6006/' failed: Error in connection establishment: net::ERR_CONNECTION_REFUSED @ http://localhost:6006/@vite/client:1034
[49172477ms] [ERROR] WebSocket connection to 'ws://localhost:6006/' failed: Error in connection establishment: net::ERR_CONNECTION_REFUSED @ http://localhost:6006/@vite/client:1034
[49177523ms] [ERROR] WebSocket connection to 'ws://localhost:6006/' failed: Error in connection establishment: net::ERR_CONNECTION_REFUSED @ http://localhost:6006/@vite/client:1034
[49183219ms] [ERROR] WebSocket connection to 'ws://localhost:6006/' failed: Error in connection establishment: net::ERR_CONNECTION_REFUSED @ http://localhost:6006/@vite/client:1034
[49188090ms] [ERROR] WebSocket connection to 'ws://localhost:6006/' failed: Error in connection establishment: net::ERR_CONNECTION_REFUSED @ http://localhost:6006/@vite/client:1034
[49193755ms] [ERROR] WebSocket connection to 'ws://localhost:6006/' failed: Error in connection establishment: net::ERR_CONNECTION_REFUSED @ http://localhost:6006/@vite/client:1034
[49199367ms] [ERROR] WebSocket connection to 'ws://localhost:6006/' failed: Error in connection establishment: net::ERR_CONNECTION_REFUSED @ http://localhost:6006/@vite/client:1034
[49205227ms] [ERROR] WebSocket connection to 'ws://localhost:6006/' failed: Error in connection establishment: net::ERR_CONNECTION_REFUSED @ http://localhost:6006/@vite/client:1034
[49207647ms] [ERROR] WebSocket connection to 'ws://localhost:6006/' failed: Error in connection establishment: net::ERR_CONNECTION_REFUSED @ http://localhost:6006/@vite/client:1034
[49210171ms] [ERROR] WebSocket connection to 'ws://localhost:6006/' failed: Error in connection establishment: net::ERR_CONNECTION_REFUSED @ http://localhost:6006/@vite/client:1034
[49213028ms] [ERROR] WebSocket connection to 'ws://localhost:6006/' failed: Error in connection establishment: net::ERR_CONNECTION_REFUSED @ http://localhost:6006/@vite/client:1034
[49218137ms] [ERROR] WebSocket connection to 'ws://localhost:6006/' failed: Error in connection establishment: net::ERR_CONNECTION_REFUSED @ http://localhost:6006/@vite/client:1034
[49220387ms] [ERROR] WebSocket connection to 'ws://localhost:6006/' failed: Error in connection establishment: net::ERR_CONNECTION_REFUSED @ http://localhost:6006/@vite/client:1034
[49225909ms] [ERROR] WebSocket connection to 'ws://localhost:6006/' failed: Error in connection establishment: net::ERR_CONNECTION_REFUSED @ http://localhost:6006/@vite/client:1034
[49229505ms] [ERROR] WebSocket connection to 'ws://localhost:6006/' failed: Error in connection establishment: net::ERR_CONNECTION_REFUSED @ http://localhost:6006/@vite/client:1034
[49231645ms] [ERROR] WebSocket connection to 'ws://localhost:6006/' failed: Error in connection establishment: net::ERR_CONNECTION_REFUSED @ http://localhost:6006/@vite/client:1034
[49234298ms] [ERROR] WebSocket connection to 'ws://localhost:6006/' failed: Error in connection establishment: net::ERR_CONNECTION_REFUSED @ http://localhost:6006/@vite/client:1034
[49237317ms] [ERROR] WebSocket connection to 'ws://localhost:6006/' failed: Error in connection establishment: net::ERR_CONNECTION_REFUSED @ http://localhost:6006/@vite/client:1034
[49239832ms] [ERROR] WebSocket connection to 'ws://localhost:6006/' failed: Error in connection establishment: net::ERR_CONNECTION_REFUSED @ http://localhost:6006/@vite/client:1034
[49242844ms] [ERROR] WebSocket connection to 'ws://localhost:6006/' failed: Error in connection establishment: net::ERR_CONNECTION_REFUSED @ http://localhost:6006/@vite/client:1034
[49247393ms] [ERROR] WebSocket connection to 'ws://localhost:6006/' failed: Error in connection establishment: net::ERR_CONNECTION_REFUSED @ http://localhost:6006/@vite/client:1034
[49249513ms] [ERROR] WebSocket connection to 'ws://localhost:6006/' failed: Error in connection establishment: net::ERR_CONNECTION_REFUSED @ http://localhost:6006/@vite/client:1034
[49255083ms] [ERROR] WebSocket connection to 'ws://localhost:6006/' failed: Error in connection establishment: net::ERR_CONNECTION_REFUSED @ http://localhost:6006/@vite/client:1034
[49259667ms] [ERROR] WebSocket connection to 'ws://localhost:6006/' failed: Error in connection establishment: net::ERR_CONNECTION_REFUSED @ http://localhost:6006/@vite/client:1034
[49262216ms] [ERROR] WebSocket connection to 'ws://localhost:6006/' failed: Error in connection establishment: net::ERR_CONNECTION_REFUSED @ http://localhost:6006/@vite/client:1034
[49264605ms] [ERROR] WebSocket connection to 'ws://localhost:6006/' failed: Error in connection establishment: net::ERR_CONNECTION_REFUSED @ http://localhost:6006/@vite/client:1034
[49269041ms] [ERROR] WebSocket connection to 'ws://localhost:6006/' failed: Error in connection establishment: net::ERR_CONNECTION_REFUSED @ http://localhost:6006/@vite/client:1034
[49274876ms] [ERROR] WebSocket connection to 'ws://localhost:6006/' failed: Error in connection establishment: net::ERR_CONNECTION_REFUSED @ http://localhost:6006/@vite/client:1034
[49277527ms] [ERROR] WebSocket connection to 'ws://localhost:6006/' failed: Error in connection establishment: net::ERR_CONNECTION_REFUSED @ http://localhost:6006/@vite/client:1034
[49280891ms] [ERROR] WebSocket connection to 'ws://localhost:6006/' failed: Error in connection establishment: net::ERR_CONNECTION_REFUSED @ http://localhost:6006/@vite/client:1034
[49285041ms] [ERROR] WebSocket connection to 'ws://localhost:6006/' failed: Error in connection establishment: net::ERR_CONNECTION_REFUSED @ http://localhost:6006/@vite/client:1034
[49289446ms] [ERROR] WebSocket connection to 'ws://localhost:6006/' failed: Error in connection establishment: net::ERR_CONNECTION_REFUSED @ http://localhost:6006/@vite/client:1034
[49293349ms] [ERROR] WebSocket connection to 'ws://localhost:6006/' failed: Error in connection establishment: net::ERR_CONNECTION_REFUSED @ http://localhost:6006/@vite/client:1034
[49296717ms] [ERROR] WebSocket connection to 'ws://localhost:6006/' failed: Error in connection establishment: net::ERR_CONNECTION_REFUSED @ http://localhost:6006/@vite/client:1034
[49299838ms] [ERROR] WebSocket connection to 'ws://localhost:6006/' failed: Error in connection establishment: net::ERR_CONNECTION_REFUSED @ http://localhost:6006/@vite/client:1034
[49305605ms] [ERROR] WebSocket connection to 'ws://localhost:6006/' failed: Error in connection establishment: net::ERR_CONNECTION_REFUSED @ http://localhost:6006/@vite/client:1034
[49310557ms] [ERROR] WebSocket connection to 'ws://localhost:6006/' failed: Error in connection establishment: net::ERR_CONNECTION_REFUSED @ http://localhost:6006/@vite/client:1034
[49313499ms] [ERROR] WebSocket connection to 'ws://localhost:6006/' failed: Error in connection establishment: net::ERR_CONNECTION_REFUSED @ http://localhost:6006/@vite/client:1034
[49315731ms] [ERROR] WebSocket connection to 'ws://localhost:6006/' failed: Error in connection establishment: net::ERR_CONNECTION_REFUSED @ http://localhost:6006/@vite/client:1034
[49318446ms] [ERROR] WebSocket connection to 'ws://localhost:6006/' failed: Error in connection establishment: net::ERR_CONNECTION_REFUSED @ http://localhost:6006/@vite/client:1034
[49323021ms] [ERROR] WebSocket connection to 'ws://localhost:6006/' failed: Error in connection establishment: net::ERR_CONNECTION_REFUSED @ http://localhost:6006/@vite/client:1034
[49329028ms] [ERROR] WebSocket connection to 'ws://localhost:6006/' failed: Error in connection establishment: net::ERR_CONNECTION_REFUSED @ http://localhost:6006/@vite/client:1034
[49332617ms] [ERROR] WebSocket connection to 'ws://localhost:6006/' failed: Error in connection establishment: net::ERR_CONNECTION_REFUSED @ http://localhost:6006/@vite/client:1034
[49336283ms] [ERROR] WebSocket connection to 'ws://localhost:6006/' failed: Error in connection establishment: net::ERR_CONNECTION_REFUSED @ http://localhost:6006/@vite/client:1034
[49339078ms] [ERROR] WebSocket connection to 'ws://localhost:6006/' failed: Error in connection establishment: net::ERR_CONNECTION_REFUSED @ http://localhost:6006/@vite/client:1034
[49341941ms] [ERROR] WebSocket connection to 'ws://localhost:6006/' failed: Error in connection establishment: net::ERR_CONNECTION_REFUSED @ http://localhost:6006/@vite/client:1034
[49346931ms] [ERROR] WebSocket connection to 'ws://localhost:6006/' failed: Error in connection establishment: net::ERR_CONNECTION_REFUSED @ http://localhost:6006/@vite/client:1034
[49349849ms] [ERROR] WebSocket connection to 'ws://localhost:6006/' failed: Error in connection establishment: net::ERR_CONNECTION_REFUSED @ http://localhost:6006/@vite/client:1034
[49354081ms] [ERROR] WebSocket connection to 'ws://localhost:6006/' failed: Error in connection establishment: net::ERR_CONNECTION_REFUSED @ http://localhost:6006/@vite/client:1034
[49360089ms] [ERROR] WebSocket connection to 'ws://localhost:6006/' failed: Error in connection establishment: net::ERR_CONNECTION_REFUSED @ http://localhost:6006/@vite/client:1034
[49365819ms] [ERROR] WebSocket connection to 'ws://localhost:6006/' failed: Error in connection establishment: net::ERR_CONNECTION_REFUSED @ http://localhost:6006/@vite/client:1034
[49369221ms] [ERROR] WebSocket connection to 'ws://localhost:6006/' failed: Error in connection establishment: net::ERR_CONNECTION_REFUSED @ http://localhost:6006/@vite/client:1034
[49371448ms] [ERROR] WebSocket connection to 'ws://localhost:6006/' failed: Error in connection establishment: net::ERR_CONNECTION_REFUSED @ http://localhost:6006/@vite/client:1034
[49373747ms] [ERROR] WebSocket connection to 'ws://localhost:6006/' failed: Error in connection establishment: net::ERR_CONNECTION_REFUSED @ http://localhost:6006/@vite/client:1034
[49378338ms] [ERROR] WebSocket connection to 'ws://localhost:6006/' failed: Error in connection establishment: net::ERR_CONNECTION_REFUSED @ http://localhost:6006/@vite/client:1034
[49383657ms] [ERROR] WebSocket connection to 'ws://localhost:6006/' failed: Error in connection establishment: net::ERR_CONNECTION_REFUSED @ http://localhost:6006/@vite/client:1034
[49386932ms] [ERROR] WebSocket connection to 'ws://localhost:6006/' failed: Error in connection establishment: net::ERR_CONNECTION_REFUSED @ http://localhost:6006/@vite/client:1034
[49390224ms] [ERROR] WebSocket connection to 'ws://localhost:6006/' failed: Error in connection establishment: net::ERR_CONNECTION_REFUSED @ http://localhost:6006/@vite/client:1034
[49393799ms] [ERROR] WebSocket connection to 'ws://localhost:6006/' failed: Error in connection establishment: net::ERR_CONNECTION_REFUSED @ http://localhost:6006/@vite/client:1034
[49397181ms] [ERROR] WebSocket connection to 'ws://localhost:6006/' failed: Error in connection establishment: net::ERR_CONNECTION_REFUSED @ http://localhost:6006/@vite/client:1034
[49401124ms] [ERROR] WebSocket connection to 'ws://localhost:6006/' failed: Error in connection establishment: net::ERR_CONNECTION_REFUSED @ http://localhost:6006/@vite/client:1034
[49403366ms] [ERROR] WebSocket connection to 'ws://localhost:6006/' failed: Error in connection establishment: net::ERR_CONNECTION_REFUSED @ http://localhost:6006/@vite/client:1034
[49409033ms] [ERROR] WebSocket connection to 'ws://localhost:6006/' failed: Error in connection establishment: net::ERR_CONNECTION_REFUSED @ http://localhost:6006/@vite/client:1034
[49414003ms] [ERROR] WebSocket connection to 'ws://localhost:6006/' failed: Error in connection establishment: net::ERR_CONNECTION_REFUSED @ http://localhost:6006/@vite/client:1034
[49416260ms] [ERROR] WebSocket connection to 'ws://localhost:6006/' failed: Error in connection establishment: net::ERR_CONNECTION_REFUSED @ http://localhost:6006/@vite/client:1034
[49419462ms] [ERROR] WebSocket connection to 'ws://localhost:6006/' failed: Error in connection establishment: net::ERR_CONNECTION_REFUSED @ http://localhost:6006/@vite/client:1034
[49422286ms] [ERROR] WebSocket connection to 'ws://localhost:6006/' failed: Error in connection establishment: net::ERR_CONNECTION_REFUSED @ http://localhost:6006/@vite/client:1034
[49428138ms] [ERROR] WebSocket connection to 'ws://localhost:6006/' failed: Error in connection establishment: net::ERR_CONNECTION_REFUSED @ http://localhost:6006/@vite/client:1034
[49433249ms] [ERROR] WebSocket connection to 'ws://localhost:6006/' failed: Error in connection establishment: net::ERR_CONNECTION_REFUSED @ http://localhost:6006/@vite/client:1034
[49438107ms] [ERROR] WebSocket connection to 'ws://localhost:6006/' failed: Error in connection establishment: net::ERR_CONNECTION_REFUSED @ http://localhost:6006/@vite/client:1034
[49443810ms] [ERROR] WebSocket connection to 'ws://localhost:6006/' failed: Error in connection establishment: net::ERR_CONNECTION_REFUSED @ http://localhost:6006/@vite/client:1034
[49448563ms] [ERROR] WebSocket connection to 'ws://localhost:6006/' failed: Error in connection establishment: net::ERR_CONNECTION_REFUSED @ http://localhost:6006/@vite/client:1034
[49451216ms] [ERROR] WebSocket connection to 'ws://localhost:6006/' failed: Error in connection establishment: net::ERR_CONNECTION_REFUSED @ http://localhost:6006/@vite/client:1034
[49457216ms] [ERROR] WebSocket connection to 'ws://localhost:6006/' failed: Error in connection establishment: net::ERR_CONNECTION_REFUSED @ http://localhost:6006/@vite/client:1034
[49461634ms] [ERROR] WebSocket connection to 'ws://localhost:6006/' failed: Error in connection establishment: net::ERR_CONNECTION_REFUSED @ http://localhost:6006/@vite/client:1034
[49467102ms] [ERROR] WebSocket connection to 'ws://localhost:6006/' failed: Error in connection establishment: net::ERR_CONNECTION_REFUSED @ http://localhost:6006/@vite/client:1034
[49472270ms] [ERROR] WebSocket connection to 'ws://localhost:6006/' failed: Error in connection establishment: net::ERR_CONNECTION_REFUSED @ http://localhost:6006/@vite/client:1034
[49475776ms] [ERROR] WebSocket connection to 'ws://localhost:6006/' failed: Error in connection establishment: net::ERR_CONNECTION_REFUSED @ http://localhost:6006/@vite/client:1034
[49481613ms] [ERROR] WebSocket connection to 'ws://localhost:6006/' failed: Error in connection establishment: net::ERR_CONNECTION_REFUSED @ http://localhost:6006/@vite/client:1034
[49485021ms] [ERROR] WebSocket connection to 'ws://localhost:6006/' failed: Error in connection establishment: net::ERR_CONNECTION_REFUSED @ http://localhost:6006/@vite/client:1034
[49487184ms] [ERROR] WebSocket connection to 'ws://localhost:6006/' failed: Error in connection establishment: net::ERR_CONNECTION_REFUSED @ http://localhost:6006/@vite/client:1034
[49490807ms] [ERROR] WebSocket connection to 'ws://localhost:6006/' failed: Error in connection establishment: net::ERR_CONNECTION_REFUSED @ http://localhost:6006/@vite/client:1034
[49493561ms] [ERROR] WebSocket connection to 'ws://localhost:6006/' failed: Error in connection establishment: net::ERR_CONNECTION_REFUSED @ http://localhost:6006/@vite/client:1034
[49496007ms] [ERROR] WebSocket connection to 'ws://localhost:6006/' failed: Error in connection establishment: net::ERR_CONNECTION_REFUSED @ http://localhost:6006/@vite/client:1034
[49500026ms] [ERROR] WebSocket connection to 'ws://localhost:6006/' failed: Error in connection establishment: net::ERR_CONNECTION_REFUSED @ http://localhost:6006/@vite/client:1034
[49504276ms] [ERROR] WebSocket connection to 'ws://localhost:6006/' failed: Error in connection establishment: net::ERR_CONNECTION_REFUSED @ http://localhost:6006/@vite/client:1034
[49509983ms] [ERROR] WebSocket connection to 'ws://localhost:6006/' failed: Error in connection establishment: net::ERR_CONNECTION_REFUSED @ http://localhost:6006/@vite/client:1034
[49515909ms] [ERROR] WebSocket connection to 'ws://localhost:6006/' failed: Error in connection establishment: net::ERR_CONNECTION_REFUSED @ http://localhost:6006/@vite/client:1034
[49521547ms] [ERROR] WebSocket connection to 'ws://localhost:6006/' failed: Error in connection establishment: net::ERR_CONNECTION_REFUSED @ http://localhost:6006/@vite/client:1034
[49526744ms] [ERROR] WebSocket connection to 'ws://localhost:6006/' failed: Error in connection establishment: net::ERR_CONNECTION_REFUSED @ http://localhost:6006/@vite/client:1034
[49530642ms] [ERROR] WebSocket connection to 'ws://localhost:6006/' failed: Error in connection establishment: net::ERR_CONNECTION_REFUSED @ http://localhost:6006/@vite/client:1034
[49533283ms] [ERROR] WebSocket connection to 'ws://localhost:6006/' failed: Error in connection establishment: net::ERR_CONNECTION_REFUSED @ http://localhost:6006/@vite/client:1034
[49536480ms] [ERROR] WebSocket connection to 'ws://localhost:6006/' failed: Error in connection establishment: net::ERR_CONNECTION_REFUSED @ http://localhost:6006/@vite/client:1034
[49540456ms] [ERROR] WebSocket connection to 'ws://localhost:6006/' failed: Error in connection establishment: net::ERR_CONNECTION_REFUSED @ http://localhost:6006/@vite/client:1034
[49545184ms] [ERROR] WebSocket connection to 'ws://localhost:6006/' failed: Error in connection establishment: net::ERR_CONNECTION_REFUSED @ http://localhost:6006/@vite/client:1034
[49549443ms] [ERROR] WebSocket connection to 'ws://localhost:6006/' failed: Error in connection establishment: net::ERR_CONNECTION_REFUSED @ http://localhost:6006/@vite/client:1034
[49554343ms] [ERROR] WebSocket connection to 'ws://localhost:6006/' failed: Error in connection establishment: net::ERR_CONNECTION_REFUSED @ http://localhost:6006/@vite/client:1034
[49560238ms] [ERROR] WebSocket connection to 'ws://localhost:6006/' failed: Error in connection establishment: net::ERR_CONNECTION_REFUSED @ http://localhost:6006/@vite/client:1034
[49563660ms] [ERROR] WebSocket connection to 'ws://localhost:6006/' failed: Error in connection establishment: net::ERR_CONNECTION_REFUSED @ http://localhost:6006/@vite/client:1034
[49601213ms] [ERROR] SB_PREVIEW_API_0009 (NoStoryMatchError): Couldn't find story matching 'templates-article-page--editorial-feature'.

- Are you sure a story with that id exists?
- Please check your stories field of your main.js config.
- Also check the browser console and terminal for error messages.
    at ns2.selectSpecifiedStory (http://localhost:6006/node_modules/.cache/storybook/eec3b1947cadd2d2762da73fc5b1aab48776e4812fe40cf815bc1a8cead41184/sb-vite/deps/storybook_internal_preview_runtime.js?v=beb8b176:9149:9)
    at ns2.initializeWithStoryIndex (http://localhost:6006/node_modules/.cache/storybook/eec3b1947cadd2d2762da73fc5b1aab48776e4812fe40cf815bc1a8cead41184/sb-vite/deps/storybook_internal_preview_runtime.js?v=beb8b176:9129:58) @ http://localhost:6006/node_modules/.cache/storybook/eec3b1947cadd2d2762da73fc5b1aab48776e4812fe40cf815bc1a8cead41184/sb-vite/deps/storybook_internal_preview_runtime.js?v=beb8b176:4636
[49706085ms] [LOG] [vite] server connection lost. Polling for restart... @ http://localhost:6006/@vite/client:963
[49710004ms] [ERROR] SB_PREVIEW_API_0009 (NoStoryMatchError): Couldn't find story matching 'templates-article-page--editorial-feature'.

- Are you sure a story with that id exists?
- Please check your stories field of your main.js config.
- Also check the browser console and terminal for error messages.
    at ns2.selectSpecifiedStory (http://localhost:6006/node_modules/.cache/storybook/eec3b1947cadd2d2762da73fc5b1aab48776e4812fe40cf815bc1a8cead41184/sb-vite/deps/storybook_internal_preview_runtime.js?v=beb8b176:9149:9)
    at ns2.initializeWithStoryIndex (http://localhost:6006/node_modules/.cache/storybook/eec3b1947cadd2d2762da73fc5b1aab48776e4812fe40cf815bc1a8cead41184/sb-vite/deps/storybook_internal_preview_runtime.js?v=beb8b176:9129:58) @ http://localhost:6006/node_modules/.cache/storybook/eec3b1947cadd2d2762da73fc5b1aab48776e4812fe40cf815bc1a8cead41184/sb-vite/deps/storybook_internal_preview_runtime.js?v=beb8b176:4636
[51292375ms] [ERROR] SB_PREVIEW_API_0009 (NoStoryMatchError): Couldn't find story matching 'templates-article-page--editorial-feature'.

- Are you sure a story with that id exists?
- Please check your stories field of your main.js config.
- Also check the browser console and terminal for error messages.
    at ns2.selectSpecifiedStory (http://localhost:6006/node_modules/.cache/storybook/eec3b1947cadd2d2762da73fc5b1aab48776e4812fe40cf815bc1a8cead41184/sb-vite/deps/storybook_internal_preview_runtime.js?v=beb8b176:9149:9)
    at ns2.onStoriesChanged (http://localhost:6006/node_modules/.cache/storybook/eec3b1947cadd2d2762da73fc5b1aab48776e4812fe40cf815bc1a8cead41184/sb-vite/deps/storybook_internal_preview_runtime.js?v=beb8b176:9171:141) @ http://localhost:6006/node_modules/.cache/storybook/eec3b1947cadd2d2762da73fc5b1aab48776e4812fe40cf815bc1a8cead41184/sb-vite/deps/storybook_internal_preview_runtime.js?v=beb8b176:4636
[51344951ms] [LOG] [vite] server connection lost. Polling for restart... @ http://localhost:6006/@vite/client:963
[51350660ms] [ERROR] SB_PREVIEW_API_0009 (NoStoryMatchError): Couldn't find story matching 'templates-article-page--editorial-feature'.

- Are you sure a story with that id exists?
- Please check your stories field of your main.js config.
- Also check the browser console and terminal for error messages.
    at ns2.selectSpecifiedStory (http://localhost:6006/node_modules/.cache/storybook/eec3b1947cadd2d2762da73fc5b1aab48776e4812fe40cf815bc1a8cead41184/sb-vite/deps/storybook_internal_preview_runtime.js?v=beb8b176:9149:9)
    at ns2.initializeWithStoryIndex (http://localhost:6006/node_modules/.cache/storybook/eec3b1947cadd2d2762da73fc5b1aab48776e4812fe40cf815bc1a8cead41184/sb-vite/deps/storybook_internal_preview_runtime.js?v=beb8b176:9129:58) @ http://localhost:6006/node_modules/.cache/storybook/eec3b1947cadd2d2762da73fc5b1aab48776e4812fe40cf815bc1a8cead41184/sb-vite/deps/storybook_internal_preview_runtime.js?v=beb8b176:4636
[52128415ms] [ERROR] SB_PREVIEW_API_0009 (NoStoryMatchError): Couldn't find story matching 'templates-article-page--editorial-feature'.

- Are you sure a story with that id exists?
- Please check your stories field of your main.js config.
- Also check the browser console and terminal for error messages.
    at ns2.selectSpecifiedStory (http://localhost:6006/node_modules/.cache/storybook/eec3b1947cadd2d2762da73fc5b1aab48776e4812fe40cf815bc1a8cead41184/sb-vite/deps/storybook_internal_preview_runtime.js?v=beb8b176:9149:9)
    at ns2.onStoriesChanged (http://localhost:6006/node_modules/.cache/storybook/eec3b1947cadd2d2762da73fc5b1aab48776e4812fe40cf815bc1a8cead41184/sb-vite/deps/storybook_internal_preview_runtime.js?v=beb8b176:9171:141) @ http://localhost:6006/node_modules/.cache/storybook/eec3b1947cadd2d2762da73fc5b1aab48776e4812fe40cf815bc1a8cead41184/sb-vite/deps/storybook_internal_preview_runtime.js?v=beb8b176:4636
[52639553ms] [ERROR] SB_PREVIEW_API_0009 (NoStoryMatchError): Couldn't find story matching 'templates-article-page--editorial-feature'.

- Are you sure a story with that id exists?
- Please check your stories field of your main.js config.
- Also check the browser console and terminal for error messages.
    at ns2.selectSpecifiedStory (http://localhost:6006/node_modules/.cache/storybook/eec3b1947cadd2d2762da73fc5b1aab48776e4812fe40cf815bc1a8cead41184/sb-vite/deps/storybook_internal_preview_runtime.js?v=beb8b176:9149:9)
    at ns2.initializeWithStoryIndex (http://localhost:6006/node_modules/.cache/storybook/eec3b1947cadd2d2762da73fc5b1aab48776e4812fe40cf815bc1a8cead41184/sb-vite/deps/storybook_internal_preview_runtime.js?v=beb8b176:9129:58) @ http://localhost:6006/node_modules/.cache/storybook/eec3b1947cadd2d2762da73fc5b1aab48776e4812fe40cf815bc1a8cead41184/sb-vite/deps/storybook_internal_preview_runtime.js?v=beb8b176:4636
[52657712ms] [ERROR] SB_PREVIEW_API_0009 (NoStoryMatchError): Couldn't find story matching 'templates-article-page--editorial-feature'.

- Are you sure a story with that id exists?
- Please check your stories field of your main.js config.
- Also check the browser console and terminal for error messages.
    at ns2.selectSpecifiedStory (http://localhost:6006/node_modules/.cache/storybook/eec3b1947cadd2d2762da73fc5b1aab48776e4812fe40cf815bc1a8cead41184/sb-vite/deps/storybook_internal_preview_runtime.js?v=beb8b176:9149:9)
    at ns2.initializeWithStoryIndex (http://localhost:6006/node_modules/.cache/storybook/eec3b1947cadd2d2762da73fc5b1aab48776e4812fe40cf815bc1a8cead41184/sb-vite/deps/storybook_internal_preview_runtime.js?v=beb8b176:9129:58) @ http://localhost:6006/node_modules/.cache/storybook/eec3b1947cadd2d2762da73fc5b1aab48776e4812fe40cf815bc1a8cead41184/sb-vite/deps/storybook_internal_preview_runtime.js?v=beb8b176:4636
[52806303ms] [LOG] [vite] server connection lost. Polling for restart... @ http://localhost:6006/@vite/client:963
[52842333ms] [ERROR] SB_PREVIEW_API_0009 (NoStoryMatchError): Couldn't find story matching 'templates-article-page--editorial-feature'.

- Are you sure a story with that id exists?
- Please check your stories field of your main.js config.
- Also check the browser console and terminal for error messages.
    at ns2.selectSpecifiedStory (http://localhost:6006/node_modules/.cache/storybook/eec3b1947cadd2d2762da73fc5b1aab48776e4812fe40cf815bc1a8cead41184/sb-vite/deps/storybook_internal_preview_runtime.js?v=beb8b176:9149:9)
    at ns2.initializeWithStoryIndex (http://localhost:6006/node_modules/.cache/storybook/eec3b1947cadd2d2762da73fc5b1aab48776e4812fe40cf815bc1a8cead41184/sb-vite/deps/storybook_internal_preview_runtime.js?v=beb8b176:9129:58) @ http://localhost:6006/node_modules/.cache/storybook/eec3b1947cadd2d2762da73fc5b1aab48776e4812fe40cf815bc1a8cead41184/sb-vite/deps/storybook_internal_preview_runtime.js?v=beb8b176:4636
[52856002ms] [LOG] [vite] server connection lost. Polling for restart... @ http://localhost:6006/@vite/client:963
[52862694ms] [ERROR] SB_PREVIEW_API_0009 (NoStoryMatchError): Couldn't find story matching 'templates-article-page--editorial-feature'.

- Are you sure a story with that id exists?
- Please check your stories field of your main.js config.
- Also check the browser console and terminal for error messages.
    at ns2.selectSpecifiedStory (http://localhost:6006/node_modules/.cache/storybook/eec3b1947cadd2d2762da73fc5b1aab48776e4812fe40cf815bc1a8cead41184/sb-vite/deps/storybook_internal_preview_runtime.js?v=beb8b176:9149:9)
    at ns2.initializeWithStoryIndex (http://localhost:6006/node_modules/.cache/storybook/eec3b1947cadd2d2762da73fc5b1aab48776e4812fe40cf815bc1a8cead41184/sb-vite/deps/storybook_internal_preview_runtime.js?v=beb8b176:9129:58) @ http://localhost:6006/node_modules/.cache/storybook/eec3b1947cadd2d2762da73fc5b1aab48776e4812fe40cf815bc1a8cead41184/sb-vite/deps/storybook_internal_preview_runtime.js?v=beb8b176:4636
[53218411ms] [ERROR] SB_PREVIEW_API_0009 (NoStoryMatchError): Couldn't find story matching 'templates-article-page--editorial-feature'.

- Are you sure a story with that id exists?
- Please check your stories field of your main.js config.
- Also check the browser console and terminal for error messages.
    at ns2.selectSpecifiedStory (http://localhost:6006/node_modules/.cache/storybook/eec3b1947cadd2d2762da73fc5b1aab48776e4812fe40cf815bc1a8cead41184/sb-vite/deps/storybook_internal_preview_runtime.js?v=beb8b176:9149:9)
    at ns2.initializeWithStoryIndex (http://localhost:6006/node_modules/.cache/storybook/eec3b1947cadd2d2762da73fc5b1aab48776e4812fe40cf815bc1a8cead41184/sb-vite/deps/storybook_internal_preview_runtime.js?v=beb8b176:9129:58) @ http://localhost:6006/node_modules/.cache/storybook/eec3b1947cadd2d2762da73fc5b1aab48776e4812fe40cf815bc1a8cead41184/sb-vite/deps/storybook_internal_preview_runtime.js?v=beb8b176:4636
[55437803ms] [ERROR] SB_PREVIEW_API_0009 (NoStoryMatchError): Couldn't find story matching 'templates-article-page--editorial-feature'.

- Are you sure a story with that id exists?
- Please check your stories field of your main.js config.
- Also check the browser console and terminal for error messages.
    at ns2.selectSpecifiedStory (http://localhost:6006/node_modules/.cache/storybook/eec3b1947cadd2d2762da73fc5b1aab48776e4812fe40cf815bc1a8cead41184/sb-vite/deps/storybook_internal_preview_runtime.js?v=beb8b176:9149:9)
    at ns2.onStoriesChanged (http://localhost:6006/node_modules/.cache/storybook/eec3b1947cadd2d2762da73fc5b1aab48776e4812fe40cf815bc1a8cead41184/sb-vite/deps/storybook_internal_preview_runtime.js?v=beb8b176:9171:141) @ http://localhost:6006/node_modules/.cache/storybook/eec3b1947cadd2d2762da73fc5b1aab48776e4812fe40cf815bc1a8cead41184/sb-vite/deps/storybook_internal_preview_runtime.js?v=beb8b176:4636
[55555844ms] [ERROR] SB_PREVIEW_API_0009 (NoStoryMatchError): Couldn't find story matching 'templates-article-page--editorial-feature'.

- Are you sure a story with that id exists?
- Please check your stories field of your main.js config.
- Also check the browser console and terminal for error messages.
    at ns2.selectSpecifiedStory (http://localhost:6006/node_modules/.cache/storybook/eec3b1947cadd2d2762da73fc5b1aab48776e4812fe40cf815bc1a8cead41184/sb-vite/deps/storybook_internal_preview_runtime.js?v=beb8b176:9149:9)
    at ns2.onStoriesChanged (http://localhost:6006/node_modules/.cache/storybook/eec3b1947cadd2d2762da73fc5b1aab48776e4812fe40cf815bc1a8cead41184/sb-vite/deps/storybook_internal_preview_runtime.js?v=beb8b176:9171:141) @ http://localhost:6006/node_modules/.cache/storybook/eec3b1947cadd2d2762da73fc5b1aab48776e4812fe40cf815bc1a8cead41184/sb-vite/deps/storybook_internal_preview_runtime.js?v=beb8b176:4636
[55880869ms] [ERROR] SB_PREVIEW_API_0009 (NoStoryMatchError): Couldn't find story matching 'templates-article-page--editorial-feature'.

- Are you sure a story with that id exists?
- Please check your stories field of your main.js config.
- Also check the browser console and terminal for error messages.
    at ns2.selectSpecifiedStory (http://localhost:6006/node_modules/.cache/storybook/eec3b1947cadd2d2762da73fc5b1aab48776e4812fe40cf815bc1a8cead41184/sb-vite/deps/storybook_internal_preview_runtime.js?v=beb8b176:9149:9)
    at ns2.onStoriesChanged (http://localhost:6006/node_modules/.cache/storybook/eec3b1947cadd2d2762da73fc5b1aab48776e4812fe40cf815bc1a8cead41184/sb-vite/deps/storybook_internal_preview_runtime.js?v=beb8b176:9171:141) @ http://localhost:6006/node_modules/.cache/storybook/eec3b1947cadd2d2762da73fc5b1aab48776e4812fe40cf815bc1a8cead41184/sb-vite/deps/storybook_internal_preview_runtime.js?v=beb8b176:4636
[56112072ms] [ERROR] SB_PREVIEW_API_0009 (NoStoryMatchError): Couldn't find story matching 'templates-article-page--editorial-feature'.

- Are you sure a story with that id exists?
- Please check your stories field of your main.js config.
- Also check the browser console and terminal for error messages.
    at ns2.selectSpecifiedStory (http://localhost:6006/node_modules/.cache/storybook/eec3b1947cadd2d2762da73fc5b1aab48776e4812fe40cf815bc1a8cead41184/sb-vite/deps/storybook_internal_preview_runtime.js?v=beb8b176:9149:9)
    at ns2.onStoriesChanged (http://localhost:6006/node_modules/.cache/storybook/eec3b1947cadd2d2762da73fc5b1aab48776e4812fe40cf815bc1a8cead41184/sb-vite/deps/storybook_internal_preview_runtime.js?v=beb8b176:9171:141) @ http://localhost:6006/node_modules/.cache/storybook/eec3b1947cadd2d2762da73fc5b1aab48776e4812fe40cf815bc1a8cead41184/sb-vite/deps/storybook_internal_preview_runtime.js?v=beb8b176:4636
[56545435ms] [ERROR] SB_PREVIEW_API_0009 (NoStoryMatchError): Couldn't find story matching 'templates-article-page--editorial-feature'.

- Are you sure a story with that id exists?
- Please check your stories field of your main.js config.
- Also check the browser console and terminal for error messages.
    at ns2.selectSpecifiedStory (http://localhost:6006/node_modules/.cache/storybook/eec3b1947cadd2d2762da73fc5b1aab48776e4812fe40cf815bc1a8cead41184/sb-vite/deps/storybook_internal_preview_runtime.js?v=beb8b176:9149:9)
    at ns2.onStoriesChanged (http://localhost:6006/node_modules/.cache/storybook/eec3b1947cadd2d2762da73fc5b1aab48776e4812fe40cf815bc1a8cead41184/sb-vite/deps/storybook_internal_preview_runtime.js?v=beb8b176:9171:141) @ http://localhost:6006/node_modules/.cache/storybook/eec3b1947cadd2d2762da73fc5b1aab48776e4812fe40cf815bc1a8cead41184/sb-vite/deps/storybook_internal_preview_runtime.js?v=beb8b176:4636
[56767706ms] [ERROR] SB_PREVIEW_API_0009 (NoStoryMatchError): Couldn't find story matching 'templates-article-page--editorial-feature'.

- Are you sure a story with that id exists?
- Please check your stories field of your main.js config.
- Also check the browser console and terminal for error messages.
    at ns2.selectSpecifiedStory (http://localhost:6006/node_modules/.cache/storybook/eec3b1947cadd2d2762da73fc5b1aab48776e4812fe40cf815bc1a8cead41184/sb-vite/deps/storybook_internal_preview_runtime.js?v=beb8b176:9149:9)
    at ns2.onStoriesChanged (http://localhost:6006/node_modules/.cache/storybook/eec3b1947cadd2d2762da73fc5b1aab48776e4812fe40cf815bc1a8cead41184/sb-vite/deps/storybook_internal_preview_runtime.js?v=beb8b176:9171:141) @ http://localhost:6006/node_modules/.cache/storybook/eec3b1947cadd2d2762da73fc5b1aab48776e4812fe40cf815bc1a8cead41184/sb-vite/deps/storybook_internal_preview_runtime.js?v=beb8b176:4636
[56865392ms] [ERROR] SB_PREVIEW_API_0009 (NoStoryMatchError): Couldn't find story matching 'templates-article-page--editorial-feature'.

- Are you sure a story with that id exists?
- Please check your stories field of your main.js config.
- Also check the browser console and terminal for error messages.
    at ns2.selectSpecifiedStory (http://localhost:6006/node_modules/.cache/storybook/eec3b1947cadd2d2762da73fc5b1aab48776e4812fe40cf815bc1a8cead41184/sb-vite/deps/storybook_internal_preview_runtime.js?v=beb8b176:9149:9)
    at ns2.onStoriesChanged (http://localhost:6006/node_modules/.cache/storybook/eec3b1947cadd2d2762da73fc5b1aab48776e4812fe40cf815bc1a8cead41184/sb-vite/deps/storybook_internal_preview_runtime.js?v=beb8b176:9171:141) @ http://localhost:6006/node_modules/.cache/storybook/eec3b1947cadd2d2762da73fc5b1aab48776e4812fe40cf815bc1a8cead41184/sb-vite/deps/storybook_internal_preview_runtime.js?v=beb8b176:4636
[57196972ms] [ERROR] SB_PREVIEW_API_0009 (NoStoryMatchError): Couldn't find story matching 'templates-article-page--editorial-feature'.

- Are you sure a story with that id exists?
- Please check your stories field of your main.js config.
- Also check the browser console and terminal for error messages.
    at ns2.selectSpecifiedStory (http://localhost:6006/node_modules/.cache/storybook/eec3b1947cadd2d2762da73fc5b1aab48776e4812fe40cf815bc1a8cead41184/sb-vite/deps/storybook_internal_preview_runtime.js?v=beb8b176:9149:9)
    at ns2.onStoriesChanged (http://localhost:6006/node_modules/.cache/storybook/eec3b1947cadd2d2762da73fc5b1aab48776e4812fe40cf815bc1a8cead41184/sb-vite/deps/storybook_internal_preview_runtime.js?v=beb8b176:9171:141) @ http://localhost:6006/node_modules/.cache/storybook/eec3b1947cadd2d2762da73fc5b1aab48776e4812fe40cf815bc1a8cead41184/sb-vite/deps/storybook_internal_preview_runtime.js?v=beb8b176:4636
[57497478ms] [ERROR] SB_PREVIEW_API_0009 (NoStoryMatchError): Couldn't find story matching 'templates-article-page--editorial-feature'.

- Are you sure a story with that id exists?
- Please check your stories field of your main.js config.
- Also check the browser console and terminal for error messages.
    at ns2.selectSpecifiedStory (http://localhost:6006/node_modules/.cache/storybook/eec3b1947cadd2d2762da73fc5b1aab48776e4812fe40cf815bc1a8cead41184/sb-vite/deps/storybook_internal_preview_runtime.js?v=beb8b176:9149:9)
    at ns2.initializeWithStoryIndex (http://localhost:6006/node_modules/.cache/storybook/eec3b1947cadd2d2762da73fc5b1aab48776e4812fe40cf815bc1a8cead41184/sb-vite/deps/storybook_internal_preview_runtime.js?v=beb8b176:9129:58) @ http://localhost:6006/node_modules/.cache/storybook/eec3b1947cadd2d2762da73fc5b1aab48776e4812fe40cf815bc1a8cead41184/sb-vite/deps/storybook_internal_preview_runtime.js?v=beb8b176:4636
[57513355ms] [ERROR] SB_PREVIEW_API_0009 (NoStoryMatchError): Couldn't find story matching 'templates-article-page--editorial-feature'.

- Are you sure a story with that id exists?
- Please check your stories field of your main.js config.
- Also check the browser console and terminal for error messages.
    at ns2.selectSpecifiedStory (http://localhost:6006/node_modules/.cache/storybook/eec3b1947cadd2d2762da73fc5b1aab48776e4812fe40cf815bc1a8cead41184/sb-vite/deps/storybook_internal_preview_runtime.js?v=beb8b176:9149:9)
    at ns2.initializeWithStoryIndex (http://localhost:6006/node_modules/.cache/storybook/eec3b1947cadd2d2762da73fc5b1aab48776e4812fe40cf815bc1a8cead41184/sb-vite/deps/storybook_internal_preview_runtime.js?v=beb8b176:9129:58) @ http://localhost:6006/node_modules/.cache/storybook/eec3b1947cadd2d2762da73fc5b1aab48776e4812fe40cf815bc1a8cead41184/sb-vite/deps/storybook_internal_preview_runtime.js?v=beb8b176:4636
[57759647ms] [ERROR] SB_PREVIEW_API_0009 (NoStoryMatchError): Couldn't find story matching 'templates-article-page--editorial-feature'.

- Are you sure a story with that id exists?
- Please check your stories field of your main.js config.
- Also check the browser console and terminal for error messages.
    at ns2.selectSpecifiedStory (http://localhost:6006/node_modules/.cache/storybook/eec3b1947cadd2d2762da73fc5b1aab48776e4812fe40cf815bc1a8cead41184/sb-vite/deps/storybook_internal_preview_runtime.js?v=beb8b176:9149:9)
    at ns2.initializeWithStoryIndex (http://localhost:6006/node_modules/.cache/storybook/eec3b1947cadd2d2762da73fc5b1aab48776e4812fe40cf815bc1a8cead41184/sb-vite/deps/storybook_internal_preview_runtime.js?v=beb8b176:9129:58) @ http://localhost:6006/node_modules/.cache/storybook/eec3b1947cadd2d2762da73fc5b1aab48776e4812fe40cf815bc1a8cead41184/sb-vite/deps/storybook_internal_preview_runtime.js?v=beb8b176:4636
[57892451ms] [LOG] [vite] server connection lost. Polling for restart... @ http://localhost:6006/@vite/client:963
[57893765ms] [ERROR] SB_PREVIEW_API_0009 (NoStoryMatchError): Couldn't find story matching 'templates-article-page--editorial-feature'.

- Are you sure a story with that id exists?
- Please check your stories field of your main.js config.
- Also check the browser console and terminal for error messages.
    at ns2.selectSpecifiedStory (http://localhost:6006/node_modules/.cache/storybook/eec3b1947cadd2d2762da73fc5b1aab48776e4812fe40cf815bc1a8cead41184/sb-vite/deps/storybook_internal_preview_runtime.js?v=beb8b176:9149:9)
    at ns2.initializeWithStoryIndex (http://localhost:6006/node_modules/.cache/storybook/eec3b1947cadd2d2762da73fc5b1aab48776e4812fe40cf815bc1a8cead41184/sb-vite/deps/storybook_internal_preview_runtime.js?v=beb8b176:9129:58) @ http://localhost:6006/node_modules/.cache/storybook/eec3b1947cadd2d2762da73fc5b1aab48776e4812fe40cf815bc1a8cead41184/sb-vite/deps/storybook_internal_preview_runtime.js?v=beb8b176:4636
[59793126ms] [ERROR] SB_PREVIEW_API_0009 (NoStoryMatchError): Couldn't find story matching 'templates-article-page--editorial-feature'.

- Are you sure a story with that id exists?
- Please check your stories field of your main.js config.
- Also check the browser console and terminal for error messages.
    at ns2.selectSpecifiedStory (http://localhost:6006/node_modules/.cache/storybook/eec3b1947cadd2d2762da73fc5b1aab48776e4812fe40cf815bc1a8cead41184/sb-vite/deps/storybook_internal_preview_runtime.js?v=beb8b176:9149:9)
    at ns2.onStoriesChanged (http://localhost:6006/node_modules/.cache/storybook/eec3b1947cadd2d2762da73fc5b1aab48776e4812fe40cf815bc1a8cead41184/sb-vite/deps/storybook_internal_preview_runtime.js?v=beb8b176:9171:141) @ http://localhost:6006/node_modules/.cache/storybook/eec3b1947cadd2d2762da73fc5b1aab48776e4812fe40cf815bc1a8cead41184/sb-vite/deps/storybook_internal_preview_runtime.js?v=beb8b176:4636
[59915630ms] [ERROR] SB_PREVIEW_API_0009 (NoStoryMatchError): Couldn't find story matching 'templates-article-page--editorial-feature'.

- Are you sure a story with that id exists?
- Please check your stories field of your main.js config.
- Also check the browser console and terminal for error messages.
    at ns2.selectSpecifiedStory (http://localhost:6006/node_modules/.cache/storybook/eec3b1947cadd2d2762da73fc5b1aab48776e4812fe40cf815bc1a8cead41184/sb-vite/deps/storybook_internal_preview_runtime.js?v=beb8b176:9149:9)
    at ns2.onStoriesChanged (http://localhost:6006/node_modules/.cache/storybook/eec3b1947cadd2d2762da73fc5b1aab48776e4812fe40cf815bc1a8cead41184/sb-vite/deps/storybook_internal_preview_runtime.js?v=beb8b176:9171:141) @ http://localhost:6006/node_modules/.cache/storybook/eec3b1947cadd2d2762da73fc5b1aab48776e4812fe40cf815bc1a8cead41184/sb-vite/deps/storybook_internal_preview_runtime.js?v=beb8b176:4636
[59975700ms] [LOG] [vite] server connection lost. Polling for restart... @ http://localhost:6006/@vite/client:963
[59975714ms] [ERROR] WebSocket connection to 'ws://localhost:6006/' failed: Error in connection establishment: net::ERR_CONNECTION_REFUSED @ http://localhost:6006/@vite/client:1034
[59976723ms] [ERROR] WebSocket connection to 'ws://localhost:6006/' failed: Error in connection establishment: net::ERR_CONNECTION_REFUSED @ http://localhost:6006/@vite/client:1034
[59977726ms] [ERROR] WebSocket connection to 'ws://localhost:6006/' failed: Error in connection establishment: net::ERR_CONNECTION_REFUSED @ http://localhost:6006/@vite/client:1034
[59978758ms] [ERROR] WebSocket connection to 'ws://localhost:6006/' failed: Error in connection establishment: net::ERR_CONNECTION_REFUSED @ http://localhost:6006/@vite/client:1034
[59979820ms] [ERROR] WebSocket connection to 'ws://localhost:6006/' failed: Error in connection establishment: net::ERR_CONNECTION_REFUSED @ http://localhost:6006/@vite/client:1034
[59980871ms] [ERROR] WebSocket connection to 'ws://localhost:6006/' failed: Error in connection establishment: net::ERR_CONNECTION_REFUSED @ http://localhost:6006/@vite/client:1034
[59981885ms] [ERROR] WebSocket connection to 'ws://localhost:6006/' failed: Error in connection establishment: net::ERR_CONNECTION_REFUSED @ http://localhost:6006/@vite/client:1034
[59982923ms] [ERROR] WebSocket connection to 'ws://localhost:6006/' failed: Error in connection establishment: net::ERR_CONNECTION_REFUSED @ http://localhost:6006/@vite/client:1034
[59984073ms] [ERROR] WebSocket connection to 'ws://localhost:6006/' failed: Error in connection establishment: net::ERR_CONNECTION_REFUSED @ http://localhost:6006/@vite/client:1034
[59985165ms] [ERROR] WebSocket connection to 'ws://localhost:6006/' failed: Error in connection establishment: net::ERR_CONNECTION_REFUSED @ http://localhost:6006/@vite/client:1034
[59986255ms] [ERROR] WebSocket connection to 'ws://localhost:6006/' failed: Error in connection establishment: net::ERR_CONNECTION_REFUSED @ http://localhost:6006/@vite/client:1034
[59987530ms] [ERROR] WebSocket connection to 'ws://localhost:6006/' failed: Error in connection establishment: net::ERR_CONNECTION_REFUSED @ http://localhost:6006/@vite/client:1034
[59988788ms] [ERROR] WebSocket connection to 'ws://localhost:6006/' failed: Error in connection establishment: net::ERR_CONNECTION_REFUSED @ http://localhost:6006/@vite/client:1034
[59990763ms] [ERROR] WebSocket connection to 'ws://localhost:6006/' failed: Error in connection establishment: net::ERR_CONNECTION_REFUSED @ http://localhost:6006/@vite/client:1034
[59993193ms] [ERROR] WebSocket connection to 'ws://localhost:6006/' failed: Error in connection establishment: net::ERR_CONNECTION_REFUSED @ http://localhost:6006/@vite/client:1034
[59996352ms] [ERROR] WebSocket connection to 'ws://localhost:6006/' failed: Error in connection establishment: net::ERR_CONNECTION_REFUSED @ http://localhost:6006/@vite/client:1034
[60001761ms] [ERROR] WebSocket connection to 'ws://localhost:6006/' failed: Error in connection establishment: net::ERR_CONNECTION_REFUSED @ http://localhost:6006/@vite/client:1034
[60003778ms] [ERROR] WebSocket connection to 'ws://localhost:6006/' failed: Error in connection establishment: net::ERR_CONNECTION_REFUSED @ http://localhost:6006/@vite/client:1034
[60008691ms] [ERROR] WebSocket connection to 'ws://localhost:6006/' failed: Error in connection establishment: net::ERR_CONNECTION_REFUSED @ http://localhost:6006/@vite/client:1034
[60014742ms] [ERROR] WebSocket connection to 'ws://localhost:6006/' failed: Error in connection establishment: net::ERR_CONNECTION_REFUSED @ http://localhost:6006/@vite/client:1034
[60018151ms] [ERROR] WebSocket connection to 'ws://localhost:6006/' failed: Error in connection establishment: net::ERR_CONNECTION_REFUSED @ http://localhost:6006/@vite/client:1034
[60022996ms] [ERROR] WebSocket connection to 'ws://localhost:6006/' failed: Error in connection establishment: net::ERR_CONNECTION_REFUSED @ http://localhost:6006/@vite/client:1034
[60026443ms] [ERROR] WebSocket connection to 'ws://localhost:6006/' failed: Error in connection establishment: net::ERR_CONNECTION_REFUSED @ http://localhost:6006/@vite/client:1034
[60028893ms] [ERROR] WebSocket connection to 'ws://localhost:6006/' failed: Error in connection establishment: net::ERR_CONNECTION_REFUSED @ http://localhost:6006/@vite/client:1034
[60032474ms] [ERROR] WebSocket connection to 'ws://localhost:6006/' failed: Error in connection establishment: net::ERR_CONNECTION_REFUSED @ http://localhost:6006/@vite/client:1034
[60035752ms] [ERROR] WebSocket connection to 'ws://localhost:6006/' failed: Error in connection establishment: net::ERR_CONNECTION_REFUSED @ http://localhost:6006/@vite/client:1034
[60038126ms] [ERROR] WebSocket connection to 'ws://localhost:6006/' failed: Error in connection establishment: net::ERR_CONNECTION_REFUSED @ http://localhost:6006/@vite/client:1034
[60044154ms] [ERROR] WebSocket connection to 'ws://localhost:6006/' failed: Error in connection establishment: net::ERR_CONNECTION_REFUSED @ http://localhost:6006/@vite/client:1034
[60047903ms] [ERROR] WebSocket connection to 'ws://localhost:6006/' failed: Error in connection establishment: net::ERR_CONNECTION_REFUSED @ http://localhost:6006/@vite/client:1034
[60050714ms] [ERROR] WebSocket connection to 'ws://localhost:6006/' failed: Error in connection establishment: net::ERR_CONNECTION_REFUSED @ http://localhost:6006/@vite/client:1034
[60055354ms] [ERROR] WebSocket connection to 'ws://localhost:6006/' failed: Error in connection establishment: net::ERR_CONNECTION_REFUSED @ http://localhost:6006/@vite/client:1034
[60058154ms] [ERROR] WebSocket connection to 'ws://localhost:6006/' failed: Error in connection establishment: net::ERR_CONNECTION_REFUSED @ http://localhost:6006/@vite/client:1034
[60060452ms] [ERROR] WebSocket connection to 'ws://localhost:6006/' failed: Error in connection establishment: net::ERR_CONNECTION_REFUSED @ http://localhost:6006/@vite/client:1034
[60064985ms] [ERROR] WebSocket connection to 'ws://localhost:6006/' failed: Error in connection establishment: net::ERR_CONNECTION_REFUSED @ http://localhost:6006/@vite/client:1034
[60067371ms] [ERROR] WebSocket connection to 'ws://localhost:6006/' failed: Error in connection establishment: net::ERR_CONNECTION_REFUSED @ http://localhost:6006/@vite/client:1034
[60104370ms] [ERROR] SB_PREVIEW_API_0009 (NoStoryMatchError): Couldn't find story matching 'templates-article-page--editorial-feature'.

- Are you sure a story with that id exists?
- Please check your stories field of your main.js config.
- Also check the browser console and terminal for error messages.
    at ns2.selectSpecifiedStory (http://localhost:6006/node_modules/.cache/storybook/eec3b1947cadd2d2762da73fc5b1aab48776e4812fe40cf815bc1a8cead41184/sb-vite/deps/storybook_internal_preview_runtime.js?v=beb8b176:9149:9)
    at ns2.initializeWithStoryIndex (http://localhost:6006/node_modules/.cache/storybook/eec3b1947cadd2d2762da73fc5b1aab48776e4812fe40cf815bc1a8cead41184/sb-vite/deps/storybook_internal_preview_runtime.js?v=beb8b176:9129:58) @ http://localhost:6006/node_modules/.cache/storybook/eec3b1947cadd2d2762da73fc5b1aab48776e4812fe40cf815bc1a8cead41184/sb-vite/deps/storybook_internal_preview_runtime.js?v=beb8b176:4636
[60380978ms] [ERROR] SB_PREVIEW_API_0009 (NoStoryMatchError): Couldn't find story matching 'templates-article-page--editorial-feature'.

- Are you sure a story with that id exists?
- Please check your stories field of your main.js config.
- Also check the browser console and terminal for error messages.
    at ns2.selectSpecifiedStory (http://localhost:6006/node_modules/.cache/storybook/eec3b1947cadd2d2762da73fc5b1aab48776e4812fe40cf815bc1a8cead41184/sb-vite/deps/storybook_internal_preview_runtime.js?v=beb8b176:9149:9)
    at ns2.initializeWithStoryIndex (http://localhost:6006/node_modules/.cache/storybook/eec3b1947cadd2d2762da73fc5b1aab48776e4812fe40cf815bc1a8cead41184/sb-vite/deps/storybook_internal_preview_runtime.js?v=beb8b176:9129:58) @ http://localhost:6006/node_modules/.cache/storybook/eec3b1947cadd2d2762da73fc5b1aab48776e4812fe40cf815bc1a8cead41184/sb-vite/deps/storybook_internal_preview_runtime.js?v=beb8b176:4636
[60491179ms] [ERROR] SB_PREVIEW_API_0009 (NoStoryMatchError): Couldn't find story matching 'templates-article-page--editorial-feature'.

- Are you sure a story with that id exists?
- Please check your stories field of your main.js config.
- Also check the browser console and terminal for error messages.
    at ns2.selectSpecifiedStory (http://localhost:6006/node_modules/.cache/storybook/eec3b1947cadd2d2762da73fc5b1aab48776e4812fe40cf815bc1a8cead41184/sb-vite/deps/storybook_internal_preview_runtime.js?v=beb8b176:9149:9)
    at ns2.onStoriesChanged (http://localhost:6006/node_modules/.cache/storybook/eec3b1947cadd2d2762da73fc5b1aab48776e4812fe40cf815bc1a8cead41184/sb-vite/deps/storybook_internal_preview_runtime.js?v=beb8b176:9171:141) @ http://localhost:6006/node_modules/.cache/storybook/eec3b1947cadd2d2762da73fc5b1aab48776e4812fe40cf815bc1a8cead41184/sb-vite/deps/storybook_internal_preview_runtime.js?v=beb8b176:4636
[60593788ms] [ERROR] SB_PREVIEW_API_0009 (NoStoryMatchError): Couldn't find story matching 'templates-article-page--editorial-feature'.

- Are you sure a story with that id exists?
- Please check your stories field of your main.js config.
- Also check the browser console and terminal for error messages.
    at ns2.selectSpecifiedStory (http://localhost:6006/node_modules/.cache/storybook/eec3b1947cadd2d2762da73fc5b1aab48776e4812fe40cf815bc1a8cead41184/sb-vite/deps/storybook_internal_preview_runtime.js?v=beb8b176:9149:9)
    at ns2.onStoriesChanged (http://localhost:6006/node_modules/.cache/storybook/eec3b1947cadd2d2762da73fc5b1aab48776e4812fe40cf815bc1a8cead41184/sb-vite/deps/storybook_internal_preview_runtime.js?v=beb8b176:9171:141) @ http://localhost:6006/node_modules/.cache/storybook/eec3b1947cadd2d2762da73fc5b1aab48776e4812fe40cf815bc1a8cead41184/sb-vite/deps/storybook_internal_preview_runtime.js?v=beb8b176:4636
[61466306ms] [ERROR] SB_PREVIEW_API_0009 (NoStoryMatchError): Couldn't find story matching 'templates-article-page--editorial-feature'.

- Are you sure a story with that id exists?
- Please check your stories field of your main.js config.
- Also check the browser console and terminal for error messages.
    at ns2.selectSpecifiedStory (http://localhost:6006/node_modules/.cache/storybook/eec3b1947cadd2d2762da73fc5b1aab48776e4812fe40cf815bc1a8cead41184/sb-vite/deps/storybook_internal_preview_runtime.js?v=beb8b176:9149:9)
    at ns2.onStoriesChanged (http://localhost:6006/node_modules/.cache/storybook/eec3b1947cadd2d2762da73fc5b1aab48776e4812fe40cf815bc1a8cead41184/sb-vite/deps/storybook_internal_preview_runtime.js?v=beb8b176:9171:141) @ http://localhost:6006/node_modules/.cache/storybook/eec3b1947cadd2d2762da73fc5b1aab48776e4812fe40cf815bc1a8cead41184/sb-vite/deps/storybook_internal_preview_runtime.js?v=beb8b176:4636
[62403966ms] [ERROR] SB_PREVIEW_API_0009 (NoStoryMatchError): Couldn't find story matching 'templates-article-page--editorial-feature'.

- Are you sure a story with that id exists?
- Please check your stories field of your main.js config.
- Also check the browser console and terminal for error messages.
    at ns2.selectSpecifiedStory (http://localhost:6006/node_modules/.cache/storybook/eec3b1947cadd2d2762da73fc5b1aab48776e4812fe40cf815bc1a8cead41184/sb-vite/deps/storybook_internal_preview_runtime.js?v=beb8b176:9149:9)
    at ns2.onStoriesChanged (http://localhost:6006/node_modules/.cache/storybook/eec3b1947cadd2d2762da73fc5b1aab48776e4812fe40cf815bc1a8cead41184/sb-vite/deps/storybook_internal_preview_runtime.js?v=beb8b176:9171:141) @ http://localhost:6006/node_modules/.cache/storybook/eec3b1947cadd2d2762da73fc5b1aab48776e4812fe40cf815bc1a8cead41184/sb-vite/deps/storybook_internal_preview_runtime.js?v=beb8b176:4636
[65073001ms] [ERROR] SB_PREVIEW_API_0009 (NoStoryMatchError): Couldn't find story matching 'templates-article-page--editorial-feature'.

- Are you sure a story with that id exists?
- Please check your stories field of your main.js config.
- Also check the browser console and terminal for error messages.
    at ns2.selectSpecifiedStory (http://localhost:6006/node_modules/.cache/storybook/eec3b1947cadd2d2762da73fc5b1aab48776e4812fe40cf815bc1a8cead41184/sb-vite/deps/storybook_internal_preview_runtime.js?v=beb8b176:9149:9)
    at ns2.onStoriesChanged (http://localhost:6006/node_modules/.cache/storybook/eec3b1947cadd2d2762da73fc5b1aab48776e4812fe40cf815bc1a8cead41184/sb-vite/deps/storybook_internal_preview_runtime.js?v=beb8b176:9171:141) @ http://localhost:6006/node_modules/.cache/storybook/eec3b1947cadd2d2762da73fc5b1aab48776e4812fe40cf815bc1a8cead41184/sb-vite/deps/storybook_internal_preview_runtime.js?v=beb8b176:4636
[65307039ms] [ERROR] SB_PREVIEW_API_0009 (NoStoryMatchError): Couldn't find story matching 'templates-article-page--editorial-feature'.

- Are you sure a story with that id exists?
- Please check your stories field of your main.js config.
- Also check the browser console and terminal for error messages.
    at ns2.selectSpecifiedStory (http://localhost:6006/node_modules/.cache/storybook/eec3b1947cadd2d2762da73fc5b1aab48776e4812fe40cf815bc1a8cead41184/sb-vite/deps/storybook_internal_preview_runtime.js?v=beb8b176:9149:9)
    at ns2.onStoriesChanged (http://localhost:6006/node_modules/.cache/storybook/eec3b1947cadd2d2762da73fc5b1aab48776e4812fe40cf815bc1a8cead41184/sb-vite/deps/storybook_internal_preview_runtime.js?v=beb8b176:9171:141) @ http://localhost:6006/node_modules/.cache/storybook/eec3b1947cadd2d2762da73fc5b1aab48776e4812fe40cf815bc1a8cead41184/sb-vite/deps/storybook_internal_preview_runtime.js?v=beb8b176:4636
[65462743ms] [ERROR] SB_PREVIEW_API_0009 (NoStoryMatchError): Couldn't find story matching 'templates-article-page--editorial-feature'.

- Are you sure a story with that id exists?
- Please check your stories field of your main.js config.
- Also check the browser console and terminal for error messages.
    at ns2.selectSpecifiedStory (http://localhost:6006/node_modules/.cache/storybook/eec3b1947cadd2d2762da73fc5b1aab48776e4812fe40cf815bc1a8cead41184/sb-vite/deps/storybook_internal_preview_runtime.js?v=beb8b176:9149:9)
    at ns2.onStoriesChanged (http://localhost:6006/node_modules/.cache/storybook/eec3b1947cadd2d2762da73fc5b1aab48776e4812fe40cf815bc1a8cead41184/sb-vite/deps/storybook_internal_preview_runtime.js?v=beb8b176:9171:141)
    at async ns2.onStoryIndexChanged (http://localhost:6006/node_modules/.cache/storybook/eec3b1947cadd2d2762da73fc5b1aab48776e4812fe40cf815bc1a8cead41184/sb-vite/deps/storybook_internal_preview_runtime.js?v=beb8b176:8669:9) @ http://localhost:6006/node_modules/.cache/storybook/eec3b1947cadd2d2762da73fc5b1aab48776e4812fe40cf815bc1a8cead41184/sb-vite/deps/storybook_internal_preview_runtime.js?v=beb8b176:4636
[65462848ms] [ERROR] SB_PREVIEW_API_0009 (NoStoryMatchError): Couldn't find story matching 'templates-article-page--editorial-feature'.

- Are you sure a story with that id exists?
- Please check your stories field of your main.js config.
- Also check the browser console and terminal for error messages.
    at ns2.selectSpecifiedStory (http://localhost:6006/node_modules/.cache/storybook/eec3b1947cadd2d2762da73fc5b1aab48776e4812fe40cf815bc1a8cead41184/sb-vite/deps/storybook_internal_preview_runtime.js?v=beb8b176:9149:9)
    at ns2.onStoriesChanged (http://localhost:6006/node_modules/.cache/storybook/eec3b1947cadd2d2762da73fc5b1aab48776e4812fe40cf815bc1a8cead41184/sb-vite/deps/storybook_internal_preview_runtime.js?v=beb8b176:9171:141)
    at async ns2.onStoryIndexChanged (http://localhost:6006/node_modules/.cache/storybook/eec3b1947cadd2d2762da73fc5b1aab48776e4812fe40cf815bc1a8cead41184/sb-vite/deps/storybook_internal_preview_runtime.js?v=beb8b176:8669:9) @ http://localhost:6006/node_modules/.cache/storybook/eec3b1947cadd2d2762da73fc5b1aab48776e4812fe40cf815bc1a8cead41184/sb-vite/deps/storybook_internal_preview_runtime.js?v=beb8b176:4636
[65467420ms] [ERROR] SB_PREVIEW_API_0009 (NoStoryMatchError): Couldn't find story matching 'templates-article-page--editorial-feature'.

- Are you sure a story with that id exists?
- Please check your stories field of your main.js config.
- Also check the browser console and terminal for error messages.
    at ns2.selectSpecifiedStory (http://localhost:6006/node_modules/.cache/storybook/eec3b1947cadd2d2762da73fc5b1aab48776e4812fe40cf815bc1a8cead41184/sb-vite/deps/storybook_internal_preview_runtime.js?v=beb8b176:9149:9)
    at ns2.onStoriesChanged (http://localhost:6006/node_modules/.cache/storybook/eec3b1947cadd2d2762da73fc5b1aab48776e4812fe40cf815bc1a8cead41184/sb-vite/deps/storybook_internal_preview_runtime.js?v=beb8b176:9171:141) @ http://localhost:6006/node_modules/.cache/storybook/eec3b1947cadd2d2762da73fc5b1aab48776e4812fe40cf815bc1a8cead41184/sb-vite/deps/storybook_internal_preview_runtime.js?v=beb8b176:4636
[65580300ms] [ERROR] SB_PREVIEW_API_0009 (NoStoryMatchError): Couldn't find story matching 'templates-article-page--editorial-feature'.

- Are you sure a story with that id exists?
- Please check your stories field of your main.js config.
- Also check the browser console and terminal for error messages.
    at ns2.selectSpecifiedStory (http://localhost:6006/node_modules/.cache/storybook/eec3b1947cadd2d2762da73fc5b1aab48776e4812fe40cf815bc1a8cead41184/sb-vite/deps/storybook_internal_preview_runtime.js?v=beb8b176:9149:9)
    at ns2.onStoriesChanged (http://localhost:6006/node_modules/.cache/storybook/eec3b1947cadd2d2762da73fc5b1aab48776e4812fe40cf815bc1a8cead41184/sb-vite/deps/storybook_internal_preview_runtime.js?v=beb8b176:9171:141) @ http://localhost:6006/node_modules/.cache/storybook/eec3b1947cadd2d2762da73fc5b1aab48776e4812fe40cf815bc1a8cead41184/sb-vite/deps/storybook_internal_preview_runtime.js?v=beb8b176:4636
[65679811ms] [ERROR] SB_PREVIEW_API_0009 (NoStoryMatchError): Couldn't find story matching 'templates-article-page--editorial-feature'.

- Are you sure a story with that id exists?
- Please check your stories field of your main.js config.
- Also check the browser console and terminal for error messages.
    at ns2.selectSpecifiedStory (http://localhost:6006/node_modules/.cache/storybook/eec3b1947cadd2d2762da73fc5b1aab48776e4812fe40cf815bc1a8cead41184/sb-vite/deps/storybook_internal_preview_runtime.js?v=beb8b176:9149:9)
    at ns2.onStoriesChanged (http://localhost:6006/node_modules/.cache/storybook/eec3b1947cadd2d2762da73fc5b1aab48776e4812fe40cf815bc1a8cead41184/sb-vite/deps/storybook_internal_preview_runtime.js?v=beb8b176:9171:141) @ http://localhost:6006/node_modules/.cache/storybook/eec3b1947cadd2d2762da73fc5b1aab48776e4812fe40cf815bc1a8cead41184/sb-vite/deps/storybook_internal_preview_runtime.js?v=beb8b176:4636
[65986586ms] [ERROR] SB_PREVIEW_API_0009 (NoStoryMatchError): Couldn't find story matching 'templates-article-page--editorial-feature'.

- Are you sure a story with that id exists?
- Please check your stories field of your main.js config.
- Also check the browser console and terminal for error messages.
    at ns2.selectSpecifiedStory (http://localhost:6006/node_modules/.cache/storybook/eec3b1947cadd2d2762da73fc5b1aab48776e4812fe40cf815bc1a8cead41184/sb-vite/deps/storybook_internal_preview_runtime.js?v=beb8b176:9149:9)
    at ns2.initializeWithStoryIndex (http://localhost:6006/node_modules/.cache/storybook/eec3b1947cadd2d2762da73fc5b1aab48776e4812fe40cf815bc1a8cead41184/sb-vite/deps/storybook_internal_preview_runtime.js?v=beb8b176:9129:58) @ http://localhost:6006/node_modules/.cache/storybook/eec3b1947cadd2d2762da73fc5b1aab48776e4812fe40cf815bc1a8cead41184/sb-vite/deps/storybook_internal_preview_runtime.js?v=beb8b176:4636
[66004207ms] [ERROR] SB_PREVIEW_API_0009 (NoStoryMatchError): Couldn't find story matching 'templates-article-page--editorial-feature'.

- Are you sure a story with that id exists?
- Please check your stories field of your main.js config.
- Also check the browser console and terminal for error messages.
    at ns2.selectSpecifiedStory (http://localhost:6006/node_modules/.cache/storybook/eec3b1947cadd2d2762da73fc5b1aab48776e4812fe40cf815bc1a8cead41184/sb-vite/deps/storybook_internal_preview_runtime.js?v=beb8b176:9149:9)
    at ns2.initializeWithStoryIndex (http://localhost:6006/node_modules/.cache/storybook/eec3b1947cadd2d2762da73fc5b1aab48776e4812fe40cf815bc1a8cead41184/sb-vite/deps/storybook_internal_preview_runtime.js?v=beb8b176:9129:58) @ http://localhost:6006/node_modules/.cache/storybook/eec3b1947cadd2d2762da73fc5b1aab48776e4812fe40cf815bc1a8cead41184/sb-vite/deps/storybook_internal_preview_runtime.js?v=beb8b176:4636
[66235882ms] [ERROR] SB_PREVIEW_API_0009 (NoStoryMatchError): Couldn't find story matching 'templates-article-page--editorial-feature'.

- Are you sure a story with that id exists?
- Please check your stories field of your main.js config.
- Also check the browser console and terminal for error messages.
    at ns2.selectSpecifiedStory (http://localhost:6006/node_modules/.cache/storybook/eec3b1947cadd2d2762da73fc5b1aab48776e4812fe40cf815bc1a8cead41184/sb-vite/deps/storybook_internal_preview_runtime.js?v=beb8b176:9149:9)
    at ns2.initializeWithStoryIndex (http://localhost:6006/node_modules/.cache/storybook/eec3b1947cadd2d2762da73fc5b1aab48776e4812fe40cf815bc1a8cead41184/sb-vite/deps/storybook_internal_preview_runtime.js?v=beb8b176:9129:58) @ http://localhost:6006/node_modules/.cache/storybook/eec3b1947cadd2d2762da73fc5b1aab48776e4812fe40cf815bc1a8cead41184/sb-vite/deps/storybook_internal_preview_runtime.js?v=beb8b176:4636
[68724394ms] [ERROR] SB_PREVIEW_API_0009 (NoStoryMatchError): Couldn't find story matching 'templates-article-page--editorial-feature'.

- Are you sure a story with that id exists?
- Please check your stories field of your main.js config.
- Also check the browser console and terminal for error messages.
    at ns2.selectSpecifiedStory (http://localhost:6006/node_modules/.cache/storybook/eec3b1947cadd2d2762da73fc5b1aab48776e4812fe40cf815bc1a8cead41184/sb-vite/deps/storybook_internal_preview_runtime.js?v=beb8b176:9149:9)
    at ns2.onStoriesChanged (http://localhost:6006/node_modules/.cache/storybook/eec3b1947cadd2d2762da73fc5b1aab48776e4812fe40cf815bc1a8cead41184/sb-vite/deps/storybook_internal_preview_runtime.js?v=beb8b176:9171:141) @ http://localhost:6006/node_modules/.cache/storybook/eec3b1947cadd2d2762da73fc5b1aab48776e4812fe40cf815bc1a8cead41184/sb-vite/deps/storybook_internal_preview_runtime.js?v=beb8b176:4636
[69122172ms] [ERROR] SB_PREVIEW_API_0009 (NoStoryMatchError): Couldn't find story matching 'templates-article-page--editorial-feature'.

- Are you sure a story with that id exists?
- Please check your stories field of your main.js config.
- Also check the browser console and terminal for error messages.
    at ns2.selectSpecifiedStory (http://localhost:6006/node_modules/.cache/storybook/eec3b1947cadd2d2762da73fc5b1aab48776e4812fe40cf815bc1a8cead41184/sb-vite/deps/storybook_internal_preview_runtime.js?v=beb8b176:9149:9)
    at ns2.onStoriesChanged (http://localhost:6006/node_modules/.cache/storybook/eec3b1947cadd2d2762da73fc5b1aab48776e4812fe40cf815bc1a8cead41184/sb-vite/deps/storybook_internal_preview_runtime.js?v=beb8b176:9171:141) @ http://localhost:6006/node_modules/.cache/storybook/eec3b1947cadd2d2762da73fc5b1aab48776e4812fe40cf815bc1a8cead41184/sb-vite/deps/storybook_internal_preview_runtime.js?v=beb8b176:4636
[69234192ms] [ERROR] SB_PREVIEW_API_0009 (NoStoryMatchError): Couldn't find story matching 'templates-article-page--editorial-feature'.

- Are you sure a story with that id exists?
- Please check your stories field of your main.js config.
- Also check the browser console and terminal for error messages.
    at ns2.selectSpecifiedStory (http://localhost:6006/node_modules/.cache/storybook/eec3b1947cadd2d2762da73fc5b1aab48776e4812fe40cf815bc1a8cead41184/sb-vite/deps/storybook_internal_preview_runtime.js?v=beb8b176:9149:9)
    at ns2.onStoriesChanged (http://localhost:6006/node_modules/.cache/storybook/eec3b1947cadd2d2762da73fc5b1aab48776e4812fe40cf815bc1a8cead41184/sb-vite/deps/storybook_internal_preview_runtime.js?v=beb8b176:9171:141) @ http://localhost:6006/node_modules/.cache/storybook/eec3b1947cadd2d2762da73fc5b1aab48776e4812fe40cf815bc1a8cead41184/sb-vite/deps/storybook_internal_preview_runtime.js?v=beb8b176:4636
[69360548ms] [ERROR] SB_PREVIEW_API_0009 (NoStoryMatchError): Couldn't find story matching 'templates-article-page--editorial-feature'.

- Are you sure a story with that id exists?
- Please check your stories field of your main.js config.
- Also check the browser console and terminal for error messages.
    at ns2.selectSpecifiedStory (http://localhost:6006/node_modules/.cache/storybook/eec3b1947cadd2d2762da73fc5b1aab48776e4812fe40cf815bc1a8cead41184/sb-vite/deps/storybook_internal_preview_runtime.js?v=beb8b176:9149:9)
    at ns2.onStoriesChanged (http://localhost:6006/node_modules/.cache/storybook/eec3b1947cadd2d2762da73fc5b1aab48776e4812fe40cf815bc1a8cead41184/sb-vite/deps/storybook_internal_preview_runtime.js?v=beb8b176:9171:141) @ http://localhost:6006/node_modules/.cache/storybook/eec3b1947cadd2d2762da73fc5b1aab48776e4812fe40cf815bc1a8cead41184/sb-vite/deps/storybook_internal_preview_runtime.js?v=beb8b176:4636
[69673352ms] [ERROR] SB_PREVIEW_API_0009 (NoStoryMatchError): Couldn't find story matching 'templates-article-page--editorial-feature'.

- Are you sure a story with that id exists?
- Please check your stories field of your main.js config.
- Also check the browser console and terminal for error messages.
    at ns2.selectSpecifiedStory (http://localhost:6006/node_modules/.cache/storybook/eec3b1947cadd2d2762da73fc5b1aab48776e4812fe40cf815bc1a8cead41184/sb-vite/deps/storybook_internal_preview_runtime.js?v=beb8b176:9149:9)
    at ns2.onStoriesChanged (http://localhost:6006/node_modules/.cache/storybook/eec3b1947cadd2d2762da73fc5b1aab48776e4812fe40cf815bc1a8cead41184/sb-vite/deps/storybook_internal_preview_runtime.js?v=beb8b176:9171:141) @ http://localhost:6006/node_modules/.cache/storybook/eec3b1947cadd2d2762da73fc5b1aab48776e4812fe40cf815bc1a8cead41184/sb-vite/deps/storybook_internal_preview_runtime.js?v=beb8b176:4636
[69784207ms] [ERROR] SB_PREVIEW_API_0009 (NoStoryMatchError): Couldn't find story matching 'templates-article-page--editorial-feature'.

- Are you sure a story with that id exists?
- Please check your stories field of your main.js config.
- Also check the browser console and terminal for error messages.
    at ns2.selectSpecifiedStory (http://localhost:6006/node_modules/.cache/storybook/eec3b1947cadd2d2762da73fc5b1aab48776e4812fe40cf815bc1a8cead41184/sb-vite/deps/storybook_internal_preview_runtime.js?v=beb8b176:9149:9)
    at ns2.onStoriesChanged (http://localhost:6006/node_modules/.cache/storybook/eec3b1947cadd2d2762da73fc5b1aab48776e4812fe40cf815bc1a8cead41184/sb-vite/deps/storybook_internal_preview_runtime.js?v=beb8b176:9171:141)
    at async ns2.onStoryIndexChanged (http://localhost:6006/node_modules/.cache/storybook/eec3b1947cadd2d2762da73fc5b1aab48776e4812fe40cf815bc1a8cead41184/sb-vite/deps/storybook_internal_preview_runtime.js?v=beb8b176:8669:9) @ http://localhost:6006/node_modules/.cache/storybook/eec3b1947cadd2d2762da73fc5b1aab48776e4812fe40cf815bc1a8cead41184/sb-vite/deps/storybook_internal_preview_runtime.js?v=beb8b176:4636
[69784771ms] [ERROR] SB_PREVIEW_API_0009 (NoStoryMatchError): Couldn't find story matching 'templates-article-page--editorial-feature'.

- Are you sure a story with that id exists?
- Please check your stories field of your main.js config.
- Also check the browser console and terminal for error messages.
    at ns2.selectSpecifiedStory (http://localhost:6006/node_modules/.cache/storybook/eec3b1947cadd2d2762da73fc5b1aab48776e4812fe40cf815bc1a8cead41184/sb-vite/deps/storybook_internal_preview_runtime.js?v=beb8b176:9149:9)
    at ns2.onStoriesChanged (http://localhost:6006/node_modules/.cache/storybook/eec3b1947cadd2d2762da73fc5b1aab48776e4812fe40cf815bc1a8cead41184/sb-vite/deps/storybook_internal_preview_runtime.js?v=beb8b176:9171:141)
    at async ns2.onStoryIndexChanged (http://localhost:6006/node_modules/.cache/storybook/eec3b1947cadd2d2762da73fc5b1aab48776e4812fe40cf815bc1a8cead41184/sb-vite/deps/storybook_internal_preview_runtime.js?v=beb8b176:8669:9) @ http://localhost:6006/node_modules/.cache/storybook/eec3b1947cadd2d2762da73fc5b1aab48776e4812fe40cf815bc1a8cead41184/sb-vite/deps/storybook_internal_preview_runtime.js?v=beb8b176:4636
[69791751ms] [ERROR] SB_PREVIEW_API_0009 (NoStoryMatchError): Couldn't find story matching 'templates-article-page--editorial-feature'.

- Are you sure a story with that id exists?
- Please check your stories field of your main.js config.
- Also check the browser console and terminal for error messages.
    at ns2.selectSpecifiedStory (http://localhost:6006/node_modules/.cache/storybook/eec3b1947cadd2d2762da73fc5b1aab48776e4812fe40cf815bc1a8cead41184/sb-vite/deps/storybook_internal_preview_runtime.js?v=beb8b176:9149:9)
    at ns2.onStoriesChanged (http://localhost:6006/node_modules/.cache/storybook/eec3b1947cadd2d2762da73fc5b1aab48776e4812fe40cf815bc1a8cead41184/sb-vite/deps/storybook_internal_preview_runtime.js?v=beb8b176:9171:141) @ http://localhost:6006/node_modules/.cache/storybook/eec3b1947cadd2d2762da73fc5b1aab48776e4812fe40cf815bc1a8cead41184/sb-vite/deps/storybook_internal_preview_runtime.js?v=beb8b176:4636
[69978455ms] [ERROR] SB_PREVIEW_API_0009 (NoStoryMatchError): Couldn't find story matching 'templates-article-page--editorial-feature'.

- Are you sure a story with that id exists?
- Please check your stories field of your main.js config.
- Also check the browser console and terminal for error messages.
    at ns2.selectSpecifiedStory (http://localhost:6006/node_modules/.cache/storybook/eec3b1947cadd2d2762da73fc5b1aab48776e4812fe40cf815bc1a8cead41184/sb-vite/deps/storybook_internal_preview_runtime.js?v=beb8b176:9149:9)
    at ns2.onStoriesChanged (http://localhost:6006/node_modules/.cache/storybook/eec3b1947cadd2d2762da73fc5b1aab48776e4812fe40cf815bc1a8cead41184/sb-vite/deps/storybook_internal_preview_runtime.js?v=beb8b176:9171:141) @ http://localhost:6006/node_modules/.cache/storybook/eec3b1947cadd2d2762da73fc5b1aab48776e4812fe40cf815bc1a8cead41184/sb-vite/deps/storybook_internal_preview_runtime.js?v=beb8b176:4636
[70099138ms] [ERROR] SB_PREVIEW_API_0009 (NoStoryMatchError): Couldn't find story matching 'templates-article-page--editorial-feature'.

- Are you sure a story with that id exists?
- Please check your stories field of your main.js config.
- Also check the browser console and terminal for error messages.
    at ns2.selectSpecifiedStory (http://localhost:6006/node_modules/.cache/storybook/eec3b1947cadd2d2762da73fc5b1aab48776e4812fe40cf815bc1a8cead41184/sb-vite/deps/storybook_internal_preview_runtime.js?v=beb8b176:9149:9)
    at ns2.onStoriesChanged (http://localhost:6006/node_modules/.cache/storybook/eec3b1947cadd2d2762da73fc5b1aab48776e4812fe40cf815bc1a8cead41184/sb-vite/deps/storybook_internal_preview_runtime.js?v=beb8b176:9171:141) @ http://localhost:6006/node_modules/.cache/storybook/eec3b1947cadd2d2762da73fc5b1aab48776e4812fe40cf815bc1a8cead41184/sb-vite/deps/storybook_internal_preview_runtime.js?v=beb8b176:4636
[70428205ms] [ERROR] SB_PREVIEW_API_0009 (NoStoryMatchError): Couldn't find story matching 'templates-article-page--editorial-feature'.

- Are you sure a story with that id exists?
- Please check your stories field of your main.js config.
- Also check the browser console and terminal for error messages.
    at ns2.selectSpecifiedStory (http://localhost:6006/node_modules/.cache/storybook/eec3b1947cadd2d2762da73fc5b1aab48776e4812fe40cf815bc1a8cead41184/sb-vite/deps/storybook_internal_preview_runtime.js?v=beb8b176:9149:9)
    at ns2.initializeWithStoryIndex (http://localhost:6006/node_modules/.cache/storybook/eec3b1947cadd2d2762da73fc5b1aab48776e4812fe40cf815bc1a8cead41184/sb-vite/deps/storybook_internal_preview_runtime.js?v=beb8b176:9129:58) @ http://localhost:6006/node_modules/.cache/storybook/eec3b1947cadd2d2762da73fc5b1aab48776e4812fe40cf815bc1a8cead41184/sb-vite/deps/storybook_internal_preview_runtime.js?v=beb8b176:4636
[70448110ms] [ERROR] SB_PREVIEW_API_0009 (NoStoryMatchError): Couldn't find story matching 'templates-article-page--editorial-feature'.

- Are you sure a story with that id exists?
- Please check your stories field of your main.js config.
- Also check the browser console and terminal for error messages.
    at ns2.selectSpecifiedStory (http://localhost:6006/node_modules/.cache/storybook/eec3b1947cadd2d2762da73fc5b1aab48776e4812fe40cf815bc1a8cead41184/sb-vite/deps/storybook_internal_preview_runtime.js?v=beb8b176:9149:9)
    at ns2.initializeWithStoryIndex (http://localhost:6006/node_modules/.cache/storybook/eec3b1947cadd2d2762da73fc5b1aab48776e4812fe40cf815bc1a8cead41184/sb-vite/deps/storybook_internal_preview_runtime.js?v=beb8b176:9129:58) @ http://localhost:6006/node_modules/.cache/storybook/eec3b1947cadd2d2762da73fc5b1aab48776e4812fe40cf815bc1a8cead41184/sb-vite/deps/storybook_internal_preview_runtime.js?v=beb8b176:4636
[70700575ms] [ERROR] SB_PREVIEW_API_0009 (NoStoryMatchError): Couldn't find story matching 'templates-article-page--editorial-feature'.

- Are you sure a story with that id exists?
- Please check your stories field of your main.js config.
- Also check the browser console and terminal for error messages.
    at ns2.selectSpecifiedStory (http://localhost:6006/node_modules/.cache/storybook/eec3b1947cadd2d2762da73fc5b1aab48776e4812fe40cf815bc1a8cead41184/sb-vite/deps/storybook_internal_preview_runtime.js?v=beb8b176:9149:9)
    at ns2.initializeWithStoryIndex (http://localhost:6006/node_modules/.cache/storybook/eec3b1947cadd2d2762da73fc5b1aab48776e4812fe40cf815bc1a8cead41184/sb-vite/deps/storybook_internal_preview_runtime.js?v=beb8b176:9129:58) @ http://localhost:6006/node_modules/.cache/storybook/eec3b1947cadd2d2762da73fc5b1aab48776e4812fe40cf815bc1a8cead41184/sb-vite/deps/storybook_internal_preview_runtime.js?v=beb8b176:4636
[71025885ms] [ERROR] SB_PREVIEW_API_0009 (NoStoryMatchError): Couldn't find story matching 'templates-article-page--editorial-feature'.

- Are you sure a story with that id exists?
- Please check your stories field of your main.js config.
- Also check the browser console and terminal for error messages.
    at ns2.selectSpecifiedStory (http://localhost:6006/node_modules/.cache/storybook/eec3b1947cadd2d2762da73fc5b1aab48776e4812fe40cf815bc1a8cead41184/sb-vite/deps/storybook_internal_preview_runtime.js?v=beb8b176:9149:9)
    at ns2.onStoriesChanged (http://localhost:6006/node_modules/.cache/storybook/eec3b1947cadd2d2762da73fc5b1aab48776e4812fe40cf815bc1a8cead41184/sb-vite/deps/storybook_internal_preview_runtime.js?v=beb8b176:9171:141) @ http://localhost:6006/node_modules/.cache/storybook/eec3b1947cadd2d2762da73fc5b1aab48776e4812fe40cf815bc1a8cead41184/sb-vite/deps/storybook_internal_preview_runtime.js?v=beb8b176:4636
[71536289ms] [ERROR] SB_PREVIEW_API_0009 (NoStoryMatchError): Couldn't find story matching 'templates-article-page--editorial-feature'.

- Are you sure a story with that id exists?
- Please check your stories field of your main.js config.
- Also check the browser console and terminal for error messages.
    at ns2.selectSpecifiedStory (http://localhost:6006/node_modules/.cache/storybook/eec3b1947cadd2d2762da73fc5b1aab48776e4812fe40cf815bc1a8cead41184/sb-vite/deps/storybook_internal_preview_runtime.js?v=beb8b176:9149:9)
    at ns2.onStoriesChanged (http://localhost:6006/node_modules/.cache/storybook/eec3b1947cadd2d2762da73fc5b1aab48776e4812fe40cf815bc1a8cead41184/sb-vite/deps/storybook_internal_preview_runtime.js?v=beb8b176:9171:141) @ http://localhost:6006/node_modules/.cache/storybook/eec3b1947cadd2d2762da73fc5b1aab48776e4812fe40cf815bc1a8cead41184/sb-vite/deps/storybook_internal_preview_runtime.js?v=beb8b176:4636
[71655606ms] [ERROR] SB_PREVIEW_API_0009 (NoStoryMatchError): Couldn't find story matching 'templates-article-page--editorial-feature'.

- Are you sure a story with that id exists?
- Please check your stories field of your main.js config.
- Also check the browser console and terminal for error messages.
    at ns2.selectSpecifiedStory (http://localhost:6006/node_modules/.cache/storybook/eec3b1947cadd2d2762da73fc5b1aab48776e4812fe40cf815bc1a8cead41184/sb-vite/deps/storybook_internal_preview_runtime.js?v=beb8b176:9149:9)
    at ns2.initializeWithStoryIndex (http://localhost:6006/node_modules/.cache/storybook/eec3b1947cadd2d2762da73fc5b1aab48776e4812fe40cf815bc1a8cead41184/sb-vite/deps/storybook_internal_preview_runtime.js?v=beb8b176:9129:58) @ http://localhost:6006/node_modules/.cache/storybook/eec3b1947cadd2d2762da73fc5b1aab48776e4812fe40cf815bc1a8cead41184/sb-vite/deps/storybook_internal_preview_runtime.js?v=beb8b176:4636
[71672842ms] [ERROR] SB_PREVIEW_API_0009 (NoStoryMatchError): Couldn't find story matching 'templates-article-page--editorial-feature'.

- Are you sure a story with that id exists?
- Please check your stories field of your main.js config.
- Also check the browser console and terminal for error messages.
    at ns2.selectSpecifiedStory (http://localhost:6006/node_modules/.cache/storybook/eec3b1947cadd2d2762da73fc5b1aab48776e4812fe40cf815bc1a8cead41184/sb-vite/deps/storybook_internal_preview_runtime.js?v=beb8b176:9149:9)
    at ns2.initializeWithStoryIndex (http://localhost:6006/node_modules/.cache/storybook/eec3b1947cadd2d2762da73fc5b1aab48776e4812fe40cf815bc1a8cead41184/sb-vite/deps/storybook_internal_preview_runtime.js?v=beb8b176:9129:58) @ http://localhost:6006/node_modules/.cache/storybook/eec3b1947cadd2d2762da73fc5b1aab48776e4812fe40cf815bc1a8cead41184/sb-vite/deps/storybook_internal_preview_runtime.js?v=beb8b176:4636
[71955359ms] [ERROR] SB_PREVIEW_API_0009 (NoStoryMatchError): Couldn't find story matching 'templates-article-page--editorial-feature'.

- Are you sure a story with that id exists?
- Please check your stories field of your main.js config.
- Also check the browser console and terminal for error messages.
    at ns2.selectSpecifiedStory (http://localhost:6006/node_modules/.cache/storybook/eec3b1947cadd2d2762da73fc5b1aab48776e4812fe40cf815bc1a8cead41184/sb-vite/deps/storybook_internal_preview_runtime.js?v=beb8b176:9149:9)
    at ns2.initializeWithStoryIndex (http://localhost:6006/node_modules/.cache/storybook/eec3b1947cadd2d2762da73fc5b1aab48776e4812fe40cf815bc1a8cead41184/sb-vite/deps/storybook_internal_preview_runtime.js?v=beb8b176:9129:58) @ http://localhost:6006/node_modules/.cache/storybook/eec3b1947cadd2d2762da73fc5b1aab48776e4812fe40cf815bc1a8cead41184/sb-vite/deps/storybook_internal_preview_runtime.js?v=beb8b176:4636
[72722439ms] [ERROR] SB_PREVIEW_API_0009 (NoStoryMatchError): Couldn't find story matching 'templates-article-page--editorial-feature'.

- Are you sure a story with that id exists?
- Please check your stories field of your main.js config.
- Also check the browser console and terminal for error messages.
    at ns2.selectSpecifiedStory (http://localhost:6006/node_modules/.cache/storybook/eec3b1947cadd2d2762da73fc5b1aab48776e4812fe40cf815bc1a8cead41184/sb-vite/deps/storybook_internal_preview_runtime.js?v=beb8b176:9149:9)
    at ns2.onStoriesChanged (http://localhost:6006/node_modules/.cache/storybook/eec3b1947cadd2d2762da73fc5b1aab48776e4812fe40cf815bc1a8cead41184/sb-vite/deps/storybook_internal_preview_runtime.js?v=beb8b176:9171:141) @ http://localhost:6006/node_modules/.cache/storybook/eec3b1947cadd2d2762da73fc5b1aab48776e4812fe40cf815bc1a8cead41184/sb-vite/deps/storybook_internal_preview_runtime.js?v=beb8b176:4636
[73076695ms] [ERROR] SB_PREVIEW_API_0009 (NoStoryMatchError): Couldn't find story matching 'templates-article-page--editorial-feature'.

- Are you sure a story with that id exists?
- Please check your stories field of your main.js config.
- Also check the browser console and terminal for error messages.
    at ns2.selectSpecifiedStory (http://localhost:6006/node_modules/.cache/storybook/eec3b1947cadd2d2762da73fc5b1aab48776e4812fe40cf815bc1a8cead41184/sb-vite/deps/storybook_internal_preview_runtime.js?v=beb8b176:9149:9)
    at ns2.onStoriesChanged (http://localhost:6006/node_modules/.cache/storybook/eec3b1947cadd2d2762da73fc5b1aab48776e4812fe40cf815bc1a8cead41184/sb-vite/deps/storybook_internal_preview_runtime.js?v=beb8b176:9171:141) @ http://localhost:6006/node_modules/.cache/storybook/eec3b1947cadd2d2762da73fc5b1aab48776e4812fe40cf815bc1a8cead41184/sb-vite/deps/storybook_internal_preview_runtime.js?v=beb8b176:4636
[73200660ms] [ERROR] SB_PREVIEW_API_0009 (NoStoryMatchError): Couldn't find story matching 'templates-article-page--editorial-feature'.

- Are you sure a story with that id exists?
- Please check your stories field of your main.js config.
- Also check the browser console and terminal for error messages.
    at ns2.selectSpecifiedStory (http://localhost:6006/node_modules/.cache/storybook/eec3b1947cadd2d2762da73fc5b1aab48776e4812fe40cf815bc1a8cead41184/sb-vite/deps/storybook_internal_preview_runtime.js?v=beb8b176:9149:9)
    at ns2.onStoriesChanged (http://localhost:6006/node_modules/.cache/storybook/eec3b1947cadd2d2762da73fc5b1aab48776e4812fe40cf815bc1a8cead41184/sb-vite/deps/storybook_internal_preview_runtime.js?v=beb8b176:9171:141) @ http://localhost:6006/node_modules/.cache/storybook/eec3b1947cadd2d2762da73fc5b1aab48776e4812fe40cf815bc1a8cead41184/sb-vite/deps/storybook_internal_preview_runtime.js?v=beb8b176:4636
[73331521ms] [ERROR] SB_PREVIEW_API_0009 (NoStoryMatchError): Couldn't find story matching 'templates-article-page--editorial-feature'.

- Are you sure a story with that id exists?
- Please check your stories field of your main.js config.
- Also check the browser console and terminal for error messages.
    at ns2.selectSpecifiedStory (http://localhost:6006/node_modules/.cache/storybook/eec3b1947cadd2d2762da73fc5b1aab48776e4812fe40cf815bc1a8cead41184/sb-vite/deps/storybook_internal_preview_runtime.js?v=beb8b176:9149:9)
    at ns2.onStoriesChanged (http://localhost:6006/node_modules/.cache/storybook/eec3b1947cadd2d2762da73fc5b1aab48776e4812fe40cf815bc1a8cead41184/sb-vite/deps/storybook_internal_preview_runtime.js?v=beb8b176:9171:141) @ http://localhost:6006/node_modules/.cache/storybook/eec3b1947cadd2d2762da73fc5b1aab48776e4812fe40cf815bc1a8cead41184/sb-vite/deps/storybook_internal_preview_runtime.js?v=beb8b176:4636
[73445603ms] [ERROR] SB_PREVIEW_API_0009 (NoStoryMatchError): Couldn't find story matching 'templates-article-page--editorial-feature'.

- Are you sure a story with that id exists?
- Please check your stories field of your main.js config.
- Also check the browser console and terminal for error messages.
    at ns2.selectSpecifiedStory (http://localhost:6006/node_modules/.cache/storybook/eec3b1947cadd2d2762da73fc5b1aab48776e4812fe40cf815bc1a8cead41184/sb-vite/deps/storybook_internal_preview_runtime.js?v=beb8b176:9149:9)
    at ns2.onStoriesChanged (http://localhost:6006/node_modules/.cache/storybook/eec3b1947cadd2d2762da73fc5b1aab48776e4812fe40cf815bc1a8cead41184/sb-vite/deps/storybook_internal_preview_runtime.js?v=beb8b176:9171:141) @ http://localhost:6006/node_modules/.cache/storybook/eec3b1947cadd2d2762da73fc5b1aab48776e4812fe40cf815bc1a8cead41184/sb-vite/deps/storybook_internal_preview_runtime.js?v=beb8b176:4636
[74075995ms] [ERROR] SB_PREVIEW_API_0009 (NoStoryMatchError): Couldn't find story matching 'templates-article-page--editorial-feature'.

- Are you sure a story with that id exists?
- Please check your stories field of your main.js config.
- Also check the browser console and terminal for error messages.
    at ns2.selectSpecifiedStory (http://localhost:6006/node_modules/.cache/storybook/eec3b1947cadd2d2762da73fc5b1aab48776e4812fe40cf815bc1a8cead41184/sb-vite/deps/storybook_internal_preview_runtime.js?v=beb8b176:9149:9)
    at ns2.onStoriesChanged (http://localhost:6006/node_modules/.cache/storybook/eec3b1947cadd2d2762da73fc5b1aab48776e4812fe40cf815bc1a8cead41184/sb-vite/deps/storybook_internal_preview_runtime.js?v=beb8b176:9171:141) @ http://localhost:6006/node_modules/.cache/storybook/eec3b1947cadd2d2762da73fc5b1aab48776e4812fe40cf815bc1a8cead41184/sb-vite/deps/storybook_internal_preview_runtime.js?v=beb8b176:4636
[74506146ms] [ERROR] SB_PREVIEW_API_0009 (NoStoryMatchError): Couldn't find story matching 'templates-article-page--editorial-feature'.

- Are you sure a story with that id exists?
- Please check your stories field of your main.js config.
- Also check the browser console and terminal for error messages.
    at ns2.selectSpecifiedStory (http://localhost:6006/node_modules/.cache/storybook/eec3b1947cadd2d2762da73fc5b1aab48776e4812fe40cf815bc1a8cead41184/sb-vite/deps/storybook_internal_preview_runtime.js?v=beb8b176:9149:9)
    at ns2.initializeWithStoryIndex (http://localhost:6006/node_modules/.cache/storybook/eec3b1947cadd2d2762da73fc5b1aab48776e4812fe40cf815bc1a8cead41184/sb-vite/deps/storybook_internal_preview_runtime.js?v=beb8b176:9129:58) @ http://localhost:6006/node_modules/.cache/storybook/eec3b1947cadd2d2762da73fc5b1aab48776e4812fe40cf815bc1a8cead41184/sb-vite/deps/storybook_internal_preview_runtime.js?v=beb8b176:4636
[74525568ms] [ERROR] SB_PREVIEW_API_0009 (NoStoryMatchError): Couldn't find story matching 'templates-article-page--editorial-feature'.

- Are you sure a story with that id exists?
- Please check your stories field of your main.js config.
- Also check the browser console and terminal for error messages.
    at ns2.selectSpecifiedStory (http://localhost:6006/node_modules/.cache/storybook/eec3b1947cadd2d2762da73fc5b1aab48776e4812fe40cf815bc1a8cead41184/sb-vite/deps/storybook_internal_preview_runtime.js?v=beb8b176:9149:9)
    at ns2.initializeWithStoryIndex (http://localhost:6006/node_modules/.cache/storybook/eec3b1947cadd2d2762da73fc5b1aab48776e4812fe40cf815bc1a8cead41184/sb-vite/deps/storybook_internal_preview_runtime.js?v=beb8b176:9129:58) @ http://localhost:6006/node_modules/.cache/storybook/eec3b1947cadd2d2762da73fc5b1aab48776e4812fe40cf815bc1a8cead41184/sb-vite/deps/storybook_internal_preview_runtime.js?v=beb8b176:4636
[74771678ms] [ERROR] SB_PREVIEW_API_0009 (NoStoryMatchError): Couldn't find story matching 'templates-article-page--editorial-feature'.

- Are you sure a story with that id exists?
- Please check your stories field of your main.js config.
- Also check the browser console and terminal for error messages.
    at ns2.selectSpecifiedStory (http://localhost:6006/node_modules/.cache/storybook/eec3b1947cadd2d2762da73fc5b1aab48776e4812fe40cf815bc1a8cead41184/sb-vite/deps/storybook_internal_preview_runtime.js?v=beb8b176:9149:9)
    at ns2.initializeWithStoryIndex (http://localhost:6006/node_modules/.cache/storybook/eec3b1947cadd2d2762da73fc5b1aab48776e4812fe40cf815bc1a8cead41184/sb-vite/deps/storybook_internal_preview_runtime.js?v=beb8b176:9129:58) @ http://localhost:6006/node_modules/.cache/storybook/eec3b1947cadd2d2762da73fc5b1aab48776e4812fe40cf815bc1a8cead41184/sb-vite/deps/storybook_internal_preview_runtime.js?v=beb8b176:4636
[77674189ms] [ERROR] SB_PREVIEW_API_0009 (NoStoryMatchError): Couldn't find story matching 'templates-article-page--editorial-feature'.

- Are you sure a story with that id exists?
- Please check your stories field of your main.js config.
- Also check the browser console and terminal for error messages.
    at ns2.selectSpecifiedStory (http://localhost:6006/node_modules/.cache/storybook/eec3b1947cadd2d2762da73fc5b1aab48776e4812fe40cf815bc1a8cead41184/sb-vite/deps/storybook_internal_preview_runtime.js?v=beb8b176:9149:9)
    at ns2.initializeWithStoryIndex (http://localhost:6006/node_modules/.cache/storybook/eec3b1947cadd2d2762da73fc5b1aab48776e4812fe40cf815bc1a8cead41184/sb-vite/deps/storybook_internal_preview_runtime.js?v=beb8b176:9129:58) @ http://localhost:6006/node_modules/.cache/storybook/eec3b1947cadd2d2762da73fc5b1aab48776e4812fe40cf815bc1a8cead41184/sb-vite/deps/storybook_internal_preview_runtime.js?v=beb8b176:4636
[79035897ms] [ERROR] SB_PREVIEW_API_0009 (NoStoryMatchError): Couldn't find story matching 'templates-article-page--editorial-feature'.

- Are you sure a story with that id exists?
- Please check your stories field of your main.js config.
- Also check the browser console and terminal for error messages.
    at ns2.selectSpecifiedStory (http://localhost:6006/node_modules/.cache/storybook/eec3b1947cadd2d2762da73fc5b1aab48776e4812fe40cf815bc1a8cead41184/sb-vite/deps/storybook_internal_preview_runtime.js?v=beb8b176:9149:9)
    at ns2.initializeWithStoryIndex (http://localhost:6006/node_modules/.cache/storybook/eec3b1947cadd2d2762da73fc5b1aab48776e4812fe40cf815bc1a8cead41184/sb-vite/deps/storybook_internal_preview_runtime.js?v=beb8b176:9129:58) @ http://localhost:6006/node_modules/.cache/storybook/eec3b1947cadd2d2762da73fc5b1aab48776e4812fe40cf815bc1a8cead41184/sb-vite/deps/storybook_internal_preview_runtime.js?v=beb8b176:4636
[79808242ms] [ERROR] SB_PREVIEW_API_0009 (NoStoryMatchError): Couldn't find story matching 'templates-article-page--editorial-feature'.

- Are you sure a story with that id exists?
- Please check your stories field of your main.js config.
- Also check the browser console and terminal for error messages.
    at ns2.selectSpecifiedStory (http://localhost:6006/node_modules/.cache/storybook/eec3b1947cadd2d2762da73fc5b1aab48776e4812fe40cf815bc1a8cead41184/sb-vite/deps/storybook_internal_preview_runtime.js?v=beb8b176:9149:9)
    at ns2.initializeWithStoryIndex (http://localhost:6006/node_modules/.cache/storybook/eec3b1947cadd2d2762da73fc5b1aab48776e4812fe40cf815bc1a8cead41184/sb-vite/deps/storybook_internal_preview_runtime.js?v=beb8b176:9129:58) @ http://localhost:6006/node_modules/.cache/storybook/eec3b1947cadd2d2762da73fc5b1aab48776e4812fe40cf815bc1a8cead41184/sb-vite/deps/storybook_internal_preview_runtime.js?v=beb8b176:4636
[79827170ms] [ERROR] SB_PREVIEW_API_0009 (NoStoryMatchError): Couldn't find story matching 'templates-article-page--editorial-feature'.

- Are you sure a story with that id exists?
- Please check your stories field of your main.js config.
- Also check the browser console and terminal for error messages.
    at ns2.selectSpecifiedStory (http://localhost:6006/node_modules/.cache/storybook/eec3b1947cadd2d2762da73fc5b1aab48776e4812fe40cf815bc1a8cead41184/sb-vite/deps/storybook_internal_preview_runtime.js?v=beb8b176:9149:9)
    at ns2.initializeWithStoryIndex (http://localhost:6006/node_modules/.cache/storybook/eec3b1947cadd2d2762da73fc5b1aab48776e4812fe40cf815bc1a8cead41184/sb-vite/deps/storybook_internal_preview_runtime.js?v=beb8b176:9129:58) @ http://localhost:6006/node_modules/.cache/storybook/eec3b1947cadd2d2762da73fc5b1aab48776e4812fe40cf815bc1a8cead41184/sb-vite/deps/storybook_internal_preview_runtime.js?v=beb8b176:4636
[80002475ms] [LOG] [vite] server connection lost. Polling for restart... @ http://localhost:6006/@vite/client:963
[80048234ms] [ERROR] SB_PREVIEW_API_0009 (NoStoryMatchError): Couldn't find story matching 'templates-article-page--editorial-feature'.

- Are you sure a story with that id exists?
- Please check your stories field of your main.js config.
- Also check the browser console and terminal for error messages.
    at ns2.selectSpecifiedStory (http://localhost:6006/node_modules/.cache/storybook/eec3b1947cadd2d2762da73fc5b1aab48776e4812fe40cf815bc1a8cead41184/sb-vite/deps/storybook_internal_preview_runtime.js?v=beb8b176:9149:9)
    at ns2.initializeWithStoryIndex (http://localhost:6006/node_modules/.cache/storybook/eec3b1947cadd2d2762da73fc5b1aab48776e4812fe40cf815bc1a8cead41184/sb-vite/deps/storybook_internal_preview_runtime.js?v=beb8b176:9129:58) @ http://localhost:6006/node_modules/.cache/storybook/eec3b1947cadd2d2762da73fc5b1aab48776e4812fe40cf815bc1a8cead41184/sb-vite/deps/storybook_internal_preview_runtime.js?v=beb8b176:4636
[80132457ms] [ERROR] SB_PREVIEW_API_0009 (NoStoryMatchError): Couldn't find story matching 'templates-article-page--editorial-feature'.

- Are you sure a story with that id exists?
- Please check your stories field of your main.js config.
- Also check the browser console and terminal for error messages.
    at ns2.selectSpecifiedStory (http://localhost:6006/node_modules/.cache/storybook/eec3b1947cadd2d2762da73fc5b1aab48776e4812fe40cf815bc1a8cead41184/sb-vite/deps/storybook_internal_preview_runtime.js?v=beb8b176:9149:9)
    at ns2.initializeWithStoryIndex (http://localhost:6006/node_modules/.cache/storybook/eec3b1947cadd2d2762da73fc5b1aab48776e4812fe40cf815bc1a8cead41184/sb-vite/deps/storybook_internal_preview_runtime.js?v=beb8b176:9129:58) @ http://localhost:6006/node_modules/.cache/storybook/eec3b1947cadd2d2762da73fc5b1aab48776e4812fe40cf815bc1a8cead41184/sb-vite/deps/storybook_internal_preview_runtime.js?v=beb8b176:4636
[83249160ms] [LOG] [vite] server connection lost. Polling for restart... @ http://localhost:6006/@vite/client:963
[83249189ms] [ERROR] WebSocket connection to 'ws://localhost:6006/' failed: Error in connection establishment: net::ERR_CONNECTION_REFUSED @ http://localhost:6006/@vite/client:1034
[83250231ms] [ERROR] WebSocket connection to 'ws://localhost:6006/' failed: Error in connection establishment: net::ERR_CONNECTION_REFUSED @ http://localhost:6006/@vite/client:1034
[83251233ms] [ERROR] WebSocket connection to 'ws://localhost:6006/' failed: Error in connection establishment: net::ERR_CONNECTION_REFUSED @ http://localhost:6006/@vite/client:1034
[83252365ms] [ERROR] WebSocket connection to 'ws://localhost:6006/' failed: Error in connection establishment: net::ERR_CONNECTION_REFUSED @ http://localhost:6006/@vite/client:1034
[83253583ms] [ERROR] WebSocket connection to 'ws://localhost:6006/' failed: Error in connection establishment: net::ERR_CONNECTION_REFUSED @ http://localhost:6006/@vite/client:1034
[83254633ms] [ERROR] WebSocket connection to 'ws://localhost:6006/' failed: Error in connection establishment: net::ERR_CONNECTION_REFUSED @ http://localhost:6006/@vite/client:1034
[83255788ms] [ERROR] WebSocket connection to 'ws://localhost:6006/' failed: Error in connection establishment: net::ERR_CONNECTION_REFUSED @ http://localhost:6006/@vite/client:1034
[83256905ms] [ERROR] WebSocket connection to 'ws://localhost:6006/' failed: Error in connection establishment: net::ERR_CONNECTION_REFUSED @ http://localhost:6006/@vite/client:1034
[83258043ms] [ERROR] WebSocket connection to 'ws://localhost:6006/' failed: Error in connection establishment: net::ERR_CONNECTION_REFUSED @ http://localhost:6006/@vite/client:1034
[83259123ms] [ERROR] WebSocket connection to 'ws://localhost:6006/' failed: Error in connection establishment: net::ERR_CONNECTION_REFUSED @ http://localhost:6006/@vite/client:1034
[83260276ms] [ERROR] WebSocket connection to 'ws://localhost:6006/' failed: Error in connection establishment: net::ERR_CONNECTION_REFUSED @ http://localhost:6006/@vite/client:1034
[83261462ms] [ERROR] WebSocket connection to 'ws://localhost:6006/' failed: Error in connection establishment: net::ERR_CONNECTION_REFUSED @ http://localhost:6006/@vite/client:1034
[83263101ms] [ERROR] WebSocket connection to 'ws://localhost:6006/' failed: Error in connection establishment: net::ERR_CONNECTION_REFUSED @ http://localhost:6006/@vite/client:1034
[83264716ms] [ERROR] WebSocket connection to 'ws://localhost:6006/' failed: Error in connection establishment: net::ERR_CONNECTION_REFUSED @ http://localhost:6006/@vite/client:1034
[83266422ms] [ERROR] WebSocket connection to 'ws://localhost:6006/' failed: Error in connection establishment: net::ERR_CONNECTION_REFUSED @ http://localhost:6006/@vite/client:1034
[83270955ms] [ERROR] WebSocket connection to 'ws://localhost:6006/' failed: Error in connection establishment: net::ERR_CONNECTION_REFUSED @ http://localhost:6006/@vite/client:1034
[83273147ms] [ERROR] WebSocket connection to 'ws://localhost:6006/' failed: Error in connection establishment: net::ERR_CONNECTION_REFUSED @ http://localhost:6006/@vite/client:1034
[83277962ms] [ERROR] WebSocket connection to 'ws://localhost:6006/' failed: Error in connection establishment: net::ERR_CONNECTION_REFUSED @ http://localhost:6006/@vite/client:1034
[83284009ms] [ERROR] WebSocket connection to 'ws://localhost:6006/' failed: Error in connection establishment: net::ERR_CONNECTION_REFUSED @ http://localhost:6006/@vite/client:1034
[83286450ms] [ERROR] WebSocket connection to 'ws://localhost:6006/' failed: Error in connection establishment: net::ERR_CONNECTION_REFUSED @ http://localhost:6006/@vite/client:1034
[83288588ms] [ERROR] WebSocket connection to 'ws://localhost:6006/' failed: Error in connection establishment: net::ERR_CONNECTION_REFUSED @ http://localhost:6006/@vite/client:1034
[83292218ms] [ERROR] WebSocket connection to 'ws://localhost:6006/' failed: Error in connection establishment: net::ERR_CONNECTION_REFUSED @ http://localhost:6006/@vite/client:1034
[83297160ms] [ERROR] WebSocket connection to 'ws://localhost:6006/' failed: Error in connection establishment: net::ERR_CONNECTION_REFUSED @ http://localhost:6006/@vite/client:1034
[83300417ms] [ERROR] WebSocket connection to 'ws://localhost:6006/' failed: Error in connection establishment: net::ERR_CONNECTION_REFUSED @ http://localhost:6006/@vite/client:1034
[83305794ms] [ERROR] WebSocket connection to 'ws://localhost:6006/' failed: Error in connection establishment: net::ERR_CONNECTION_REFUSED @ http://localhost:6006/@vite/client:1034
[83309594ms] [ERROR] WebSocket connection to 'ws://localhost:6006/' failed: Error in connection establishment: net::ERR_CONNECTION_REFUSED @ http://localhost:6006/@vite/client:1034
[83312331ms] [ERROR] WebSocket connection to 'ws://localhost:6006/' failed: Error in connection establishment: net::ERR_CONNECTION_REFUSED @ http://localhost:6006/@vite/client:1034
[83316972ms] [ERROR] WebSocket connection to 'ws://localhost:6006/' failed: Error in connection establishment: net::ERR_CONNECTION_REFUSED @ http://localhost:6006/@vite/client:1034
[83320577ms] [ERROR] WebSocket connection to 'ws://localhost:6006/' failed: Error in connection establishment: net::ERR_CONNECTION_REFUSED @ http://localhost:6006/@vite/client:1034
[83324216ms] [ERROR] WebSocket connection to 'ws://localhost:6006/' failed: Error in connection establishment: net::ERR_CONNECTION_REFUSED @ http://localhost:6006/@vite/client:1034
[83329159ms] [ERROR] WebSocket connection to 'ws://localhost:6006/' failed: Error in connection establishment: net::ERR_CONNECTION_REFUSED @ http://localhost:6006/@vite/client:1034
[83332041ms] [ERROR] WebSocket connection to 'ws://localhost:6006/' failed: Error in connection establishment: net::ERR_CONNECTION_REFUSED @ http://localhost:6006/@vite/client:1034
[83334322ms] [ERROR] WebSocket connection to 'ws://localhost:6006/' failed: Error in connection establishment: net::ERR_CONNECTION_REFUSED @ http://localhost:6006/@vite/client:1034
[83339271ms] [ERROR] WebSocket connection to 'ws://localhost:6006/' failed: Error in connection establishment: net::ERR_CONNECTION_REFUSED @ http://localhost:6006/@vite/client:1034
[83341758ms] [ERROR] WebSocket connection to 'ws://localhost:6006/' failed: Error in connection establishment: net::ERR_CONNECTION_REFUSED @ http://localhost:6006/@vite/client:1034
[83347111ms] [ERROR] WebSocket connection to 'ws://localhost:6006/' failed: Error in connection establishment: net::ERR_CONNECTION_REFUSED @ http://localhost:6006/@vite/client:1034
[83351206ms] [ERROR] WebSocket connection to 'ws://localhost:6006/' failed: Error in connection establishment: net::ERR_CONNECTION_REFUSED @ http://localhost:6006/@vite/client:1034
[83353501ms] [ERROR] WebSocket connection to 'ws://localhost:6006/' failed: Error in connection establishment: net::ERR_CONNECTION_REFUSED @ http://localhost:6006/@vite/client:1034
[83358321ms] [ERROR] WebSocket connection to 'ws://localhost:6006/' failed: Error in connection establishment: net::ERR_CONNECTION_REFUSED @ http://localhost:6006/@vite/client:1034
[83360498ms] [ERROR] WebSocket connection to 'ws://localhost:6006/' failed: Error in connection establishment: net::ERR_CONNECTION_REFUSED @ http://localhost:6006/@vite/client:1034
[83365523ms] [ERROR] WebSocket connection to 'ws://localhost:6006/' failed: Error in connection establishment: net::ERR_CONNECTION_REFUSED @ http://localhost:6006/@vite/client:1034
[83370098ms] [ERROR] WebSocket connection to 'ws://localhost:6006/' failed: Error in connection establishment: net::ERR_CONNECTION_REFUSED @ http://localhost:6006/@vite/client:1034
[83372652ms] [ERROR] WebSocket connection to 'ws://localhost:6006/' failed: Error in connection establishment: net::ERR_CONNECTION_REFUSED @ http://localhost:6006/@vite/client:1034
[83377827ms] [ERROR] WebSocket connection to 'ws://localhost:6006/' failed: Error in connection establishment: net::ERR_CONNECTION_REFUSED @ http://localhost:6006/@vite/client:1034
[83380857ms] [ERROR] WebSocket connection to 'ws://localhost:6006/' failed: Error in connection establishment: net::ERR_CONNECTION_REFUSED @ http://localhost:6006/@vite/client:1034
[83383294ms] [ERROR] WebSocket connection to 'ws://localhost:6006/' failed: Error in connection establishment: net::ERR_CONNECTION_REFUSED @ http://localhost:6006/@vite/client:1034
[83385761ms] [ERROR] WebSocket connection to 'ws://localhost:6006/' failed: Error in connection establishment: net::ERR_CONNECTION_REFUSED @ http://localhost:6006/@vite/client:1034
[83388481ms] [ERROR] WebSocket connection to 'ws://localhost:6006/' failed: Error in connection establishment: net::ERR_CONNECTION_REFUSED @ http://localhost:6006/@vite/client:1034
[83459706ms] [ERROR] SB_PREVIEW_API_0009 (NoStoryMatchError): Couldn't find story matching 'templates-article-page--editorial-feature'.

- Are you sure a story with that id exists?
- Please check your stories field of your main.js config.
- Also check the browser console and terminal for error messages.
    at ns2.selectSpecifiedStory (http://localhost:6006/node_modules/.cache/storybook/eec3b1947cadd2d2762da73fc5b1aab48776e4812fe40cf815bc1a8cead41184/sb-vite/deps/storybook_internal_preview_runtime.js?v=e40c0162:9149:9)
    at ns2.initializeWithStoryIndex (http://localhost:6006/node_modules/.cache/storybook/eec3b1947cadd2d2762da73fc5b1aab48776e4812fe40cf815bc1a8cead41184/sb-vite/deps/storybook_internal_preview_runtime.js?v=e40c0162:9129:58) @ http://localhost:6006/node_modules/.cache/storybook/eec3b1947cadd2d2762da73fc5b1aab48776e4812fe40cf815bc1a8cead41184/sb-vite/deps/storybook_internal_preview_runtime.js?v=e40c0162:4636
[84282874ms] [LOG] [vite] server connection lost. Polling for restart... @ http://localhost:6006/@vite/client:963
[84282914ms] [ERROR] WebSocket connection to 'ws://localhost:6006/' failed: Error in connection establishment: net::ERR_CONNECTION_REFUSED @ http://localhost:6006/@vite/client:1034
[84283941ms] [ERROR] WebSocket connection to 'ws://localhost:6006/' failed: Error in connection establishment: net::ERR_CONNECTION_REFUSED @ http://localhost:6006/@vite/client:1034
[84285141ms] [ERROR] WebSocket connection to 'ws://localhost:6006/' failed: Error in connection establishment: net::ERR_CONNECTION_REFUSED @ http://localhost:6006/@vite/client:1034
[84286173ms] [ERROR] WebSocket connection to 'ws://localhost:6006/' failed: Error in connection establishment: net::ERR_CONNECTION_REFUSED @ http://localhost:6006/@vite/client:1034
[84287175ms] [ERROR] WebSocket connection to 'ws://localhost:6006/' failed: Error in connection establishment: net::ERR_CONNECTION_REFUSED @ http://localhost:6006/@vite/client:1034
[84288194ms] [ERROR] WebSocket connection to 'ws://localhost:6006/' failed: Error in connection establishment: net::ERR_CONNECTION_REFUSED @ http://localhost:6006/@vite/client:1034
[84289202ms] [ERROR] WebSocket connection to 'ws://localhost:6006/' failed: Error in connection establishment: net::ERR_CONNECTION_REFUSED @ http://localhost:6006/@vite/client:1034
[84290226ms] [ERROR] WebSocket connection to 'ws://localhost:6006/' failed: Error in connection establishment: net::ERR_CONNECTION_REFUSED @ http://localhost:6006/@vite/client:1034
[84291269ms] [ERROR] WebSocket connection to 'ws://localhost:6006/' failed: Error in connection establishment: net::ERR_CONNECTION_REFUSED @ http://localhost:6006/@vite/client:1034
[84292312ms] [ERROR] WebSocket connection to 'ws://localhost:6006/' failed: Error in connection establishment: net::ERR_CONNECTION_REFUSED @ http://localhost:6006/@vite/client:1034
[84293458ms] [ERROR] WebSocket connection to 'ws://localhost:6006/' failed: Error in connection establishment: net::ERR_CONNECTION_REFUSED @ http://localhost:6006/@vite/client:1034
[84294760ms] [ERROR] WebSocket connection to 'ws://localhost:6006/' failed: Error in connection establishment: net::ERR_CONNECTION_REFUSED @ http://localhost:6006/@vite/client:1034
[84296381ms] [ERROR] WebSocket connection to 'ws://localhost:6006/' failed: Error in connection establishment: net::ERR_CONNECTION_REFUSED @ http://localhost:6006/@vite/client:1034
[84297966ms] [ERROR] WebSocket connection to 'ws://localhost:6006/' failed: Error in connection establishment: net::ERR_CONNECTION_REFUSED @ http://localhost:6006/@vite/client:1034
[84301294ms] [ERROR] WebSocket connection to 'ws://localhost:6006/' failed: Error in connection establishment: net::ERR_CONNECTION_REFUSED @ http://localhost:6006/@vite/client:1034
[84305353ms] [ERROR] WebSocket connection to 'ws://localhost:6006/' failed: Error in connection establishment: net::ERR_CONNECTION_REFUSED @ http://localhost:6006/@vite/client:1034
[84310671ms] [ERROR] WebSocket connection to 'ws://localhost:6006/' failed: Error in connection establishment: net::ERR_CONNECTION_REFUSED @ http://localhost:6006/@vite/client:1034
[84316211ms] [ERROR] WebSocket connection to 'ws://localhost:6006/' failed: Error in connection establishment: net::ERR_CONNECTION_REFUSED @ http://localhost:6006/@vite/client:1034
[84318675ms] [ERROR] WebSocket connection to 'ws://localhost:6006/' failed: Error in connection establishment: net::ERR_CONNECTION_REFUSED @ http://localhost:6006/@vite/client:1034
[84322140ms] [ERROR] WebSocket connection to 'ws://localhost:6006/' failed: Error in connection establishment: net::ERR_CONNECTION_REFUSED @ http://localhost:6006/@vite/client:1034
[84324515ms] [ERROR] WebSocket connection to 'ws://localhost:6006/' failed: Error in connection establishment: net::ERR_CONNECTION_REFUSED @ http://localhost:6006/@vite/client:1034
[84330339ms] [ERROR] WebSocket connection to 'ws://localhost:6006/' failed: Error in connection establishment: net::ERR_CONNECTION_REFUSED @ http://localhost:6006/@vite/client:1034
[84333149ms] [ERROR] WebSocket connection to 'ws://localhost:6006/' failed: Error in connection establishment: net::ERR_CONNECTION_REFUSED @ http://localhost:6006/@vite/client:1034
[84335891ms] [ERROR] WebSocket connection to 'ws://localhost:6006/' failed: Error in connection establishment: net::ERR_CONNECTION_REFUSED @ http://localhost:6006/@vite/client:1034
[84339481ms] [ERROR] WebSocket connection to 'ws://localhost:6006/' failed: Error in connection establishment: net::ERR_CONNECTION_REFUSED @ http://localhost:6006/@vite/client:1034
[84342217ms] [ERROR] WebSocket connection to 'ws://localhost:6006/' failed: Error in connection establishment: net::ERR_CONNECTION_REFUSED @ http://localhost:6006/@vite/client:1034
[84346123ms] [ERROR] WebSocket connection to 'ws://localhost:6006/' failed: Error in connection establishment: net::ERR_CONNECTION_REFUSED @ http://localhost:6006/@vite/client:1034
[84349332ms] [ERROR] WebSocket connection to 'ws://localhost:6006/' failed: Error in connection establishment: net::ERR_CONNECTION_REFUSED @ http://localhost:6006/@vite/client:1034
[84353040ms] [ERROR] WebSocket connection to 'ws://localhost:6006/' failed: Error in connection establishment: net::ERR_CONNECTION_REFUSED @ http://localhost:6006/@vite/client:1034
[84357803ms] [ERROR] WebSocket connection to 'ws://localhost:6006/' failed: Error in connection establishment: net::ERR_CONNECTION_REFUSED @ http://localhost:6006/@vite/client:1034
[84360078ms] [ERROR] WebSocket connection to 'ws://localhost:6006/' failed: Error in connection establishment: net::ERR_CONNECTION_REFUSED @ http://localhost:6006/@vite/client:1034
[84365511ms] [ERROR] WebSocket connection to 'ws://localhost:6006/' failed: Error in connection establishment: net::ERR_CONNECTION_REFUSED @ http://localhost:6006/@vite/client:1034
[84368119ms] [ERROR] WebSocket connection to 'ws://localhost:6006/' failed: Error in connection establishment: net::ERR_CONNECTION_REFUSED @ http://localhost:6006/@vite/client:1034
[84372274ms] [ERROR] WebSocket connection to 'ws://localhost:6006/' failed: Error in connection establishment: net::ERR_CONNECTION_REFUSED @ http://localhost:6006/@vite/client:1034
[84377786ms] [ERROR] WebSocket connection to 'ws://localhost:6006/' failed: Error in connection establishment: net::ERR_CONNECTION_REFUSED @ http://localhost:6006/@vite/client:1034
[84381582ms] [ERROR] WebSocket connection to 'ws://localhost:6006/' failed: Error in connection establishment: net::ERR_CONNECTION_REFUSED @ http://localhost:6006/@vite/client:1034
[84383687ms] [ERROR] WebSocket connection to 'ws://localhost:6006/' failed: Error in connection establishment: net::ERR_CONNECTION_REFUSED @ http://localhost:6006/@vite/client:1034
[84388056ms] [ERROR] WebSocket connection to 'ws://localhost:6006/' failed: Error in connection establishment: net::ERR_CONNECTION_REFUSED @ http://localhost:6006/@vite/client:1034
[84393616ms] [ERROR] WebSocket connection to 'ws://localhost:6006/' failed: Error in connection establishment: net::ERR_CONNECTION_REFUSED @ http://localhost:6006/@vite/client:1034
[84399047ms] [ERROR] WebSocket connection to 'ws://localhost:6006/' failed: Error in connection establishment: net::ERR_CONNECTION_REFUSED @ http://localhost:6006/@vite/client:1034
[84401301ms] [ERROR] WebSocket connection to 'ws://localhost:6006/' failed: Error in connection establishment: net::ERR_CONNECTION_REFUSED @ http://localhost:6006/@vite/client:1034
[84405161ms] [ERROR] WebSocket connection to 'ws://localhost:6006/' failed: Error in connection establishment: net::ERR_CONNECTION_REFUSED @ http://localhost:6006/@vite/client:1034
[84408013ms] [ERROR] WebSocket connection to 'ws://localhost:6006/' failed: Error in connection establishment: net::ERR_CONNECTION_REFUSED @ http://localhost:6006/@vite/client:1034
[84410044ms] [ERROR] WebSocket connection to 'ws://localhost:6006/' failed: Error in connection establishment: net::ERR_CONNECTION_REFUSED @ http://localhost:6006/@vite/client:1034
[84413981ms] [ERROR] WebSocket connection to 'ws://localhost:6006/' failed: Error in connection establishment: net::ERR_CONNECTION_REFUSED @ http://localhost:6006/@vite/client:1034
[84419949ms] [ERROR] WebSocket connection to 'ws://localhost:6006/' failed: Error in connection establishment: net::ERR_CONNECTION_REFUSED @ http://localhost:6006/@vite/client:1034
[84425723ms] [ERROR] WebSocket connection to 'ws://localhost:6006/' failed: Error in connection establishment: net::ERR_CONNECTION_REFUSED @ http://localhost:6006/@vite/client:1034
[84431470ms] [ERROR] WebSocket connection to 'ws://localhost:6006/' failed: Error in connection establishment: net::ERR_CONNECTION_REFUSED @ http://localhost:6006/@vite/client:1034
[84435283ms] [ERROR] WebSocket connection to 'ws://localhost:6006/' failed: Error in connection establishment: net::ERR_CONNECTION_REFUSED @ http://localhost:6006/@vite/client:1034
[84438453ms] [ERROR] WebSocket connection to 'ws://localhost:6006/' failed: Error in connection establishment: net::ERR_CONNECTION_REFUSED @ http://localhost:6006/@vite/client:1034
[84442101ms] [ERROR] WebSocket connection to 'ws://localhost:6006/' failed: Error in connection establishment: net::ERR_CONNECTION_REFUSED @ http://localhost:6006/@vite/client:1034
[84660498ms] [ERROR] WebSocket connection to 'ws://localhost:6006/' failed: Error in connection establishment: net::ERR_CONNECTION_REFUSED @ http://localhost:6006/@vite/client:1034
[84663286ms] [ERROR] WebSocket connection to 'ws://localhost:6006/' failed: Error in connection establishment: net::ERR_CONNECTION_REFUSED @ http://localhost:6006/@vite/client:1034
[84667494ms] [ERROR] WebSocket connection to 'ws://localhost:6006/' failed: Error in connection establishment: net::ERR_CONNECTION_REFUSED @ http://localhost:6006/@vite/client:1034
[84673386ms] [ERROR] WebSocket connection to 'ws://localhost:6006/' failed: Error in connection establishment: net::ERR_CONNECTION_REFUSED @ http://localhost:6006/@vite/client:1034
[84677486ms] [ERROR] WebSocket connection to 'ws://localhost:6006/' failed: Error in connection establishment: net::ERR_CONNECTION_REFUSED @ http://localhost:6006/@vite/client:1034
[84682277ms] [ERROR] WebSocket connection to 'ws://localhost:6006/' failed: Error in connection establishment: net::ERR_CONNECTION_REFUSED @ http://localhost:6006/@vite/client:1034
[84686257ms] [ERROR] WebSocket connection to 'ws://localhost:6006/' failed: Error in connection establishment: net::ERR_CONNECTION_REFUSED @ http://localhost:6006/@vite/client:1034
[84691757ms] [ERROR] WebSocket connection to 'ws://localhost:6006/' failed: Error in connection establishment: net::ERR_CONNECTION_REFUSED @ http://localhost:6006/@vite/client:1034
[84696856ms] [ERROR] WebSocket connection to 'ws://localhost:6006/' failed: Error in connection establishment: net::ERR_CONNECTION_REFUSED @ http://localhost:6006/@vite/client:1034
[84699821ms] [ERROR] WebSocket connection to 'ws://localhost:6006/' failed: Error in connection establishment: net::ERR_CONNECTION_REFUSED @ http://localhost:6006/@vite/client:1034
[84702003ms] [ERROR] WebSocket connection to 'ws://localhost:6006/' failed: Error in connection establishment: net::ERR_CONNECTION_REFUSED @ http://localhost:6006/@vite/client:1034
[84704887ms] [ERROR] WebSocket connection to 'ws://localhost:6006/' failed: Error in connection establishment: net::ERR_CONNECTION_REFUSED @ http://localhost:6006/@vite/client:1034
[84708844ms] [ERROR] WebSocket connection to 'ws://localhost:6006/' failed: Error in connection establishment: net::ERR_CONNECTION_REFUSED @ http://localhost:6006/@vite/client:1034
[84711315ms] [ERROR] WebSocket connection to 'ws://localhost:6006/' failed: Error in connection establishment: net::ERR_CONNECTION_REFUSED @ http://localhost:6006/@vite/client:1034
[84716716ms] [ERROR] WebSocket connection to 'ws://localhost:6006/' failed: Error in connection establishment: net::ERR_CONNECTION_REFUSED @ http://localhost:6006/@vite/client:1034
[84721875ms] [ERROR] WebSocket connection to 'ws://localhost:6006/' failed: Error in connection establishment: net::ERR_CONNECTION_REFUSED @ http://localhost:6006/@vite/client:1034
[84726850ms] [ERROR] WebSocket connection to 'ws://localhost:6006/' failed: Error in connection establishment: net::ERR_CONNECTION_REFUSED @ http://localhost:6006/@vite/client:1034
[84730834ms] [ERROR] WebSocket connection to 'ws://localhost:6006/' failed: Error in connection establishment: net::ERR_CONNECTION_REFUSED @ http://localhost:6006/@vite/client:1034
[84735032ms] [ERROR] WebSocket connection to 'ws://localhost:6006/' failed: Error in connection establishment: net::ERR_CONNECTION_REFUSED @ http://localhost:6006/@vite/client:1034
[84736034ms] [ERROR] WebSocket connection to 'ws://localhost:6006/' failed: Error in connection establishment: net::ERR_CONNECTION_REFUSED @ http://localhost:6006/@vite/client:1034
[84737035ms] [ERROR] WebSocket connection to 'ws://localhost:6006/' failed: Error in connection establishment: net::ERR_CONNECTION_REFUSED @ http://localhost:6006/@vite/client:1034
[84738037ms] [ERROR] WebSocket connection to 'ws://localhost:6006/' failed: Error in connection establishment: net::ERR_CONNECTION_REFUSED @ http://localhost:6006/@vite/client:1034
[84739039ms] [ERROR] WebSocket connection to 'ws://localhost:6006/' failed: Error in connection establishment: net::ERR_CONNECTION_REFUSED @ http://localhost:6006/@vite/client:1034
[84740041ms] [ERROR] WebSocket connection to 'ws://localhost:6006/' failed: Error in connection establishment: net::ERR_CONNECTION_REFUSED @ http://localhost:6006/@vite/client:1034
[84741047ms] [ERROR] WebSocket connection to 'ws://localhost:6006/' failed: Error in connection establishment: net::ERR_CONNECTION_REFUSED @ http://localhost:6006/@vite/client:1034
[84742057ms] [ERROR] WebSocket connection to 'ws://localhost:6006/' failed: Error in connection establishment: net::ERR_CONNECTION_REFUSED @ http://localhost:6006/@vite/client:1034
[84743079ms] [ERROR] WebSocket connection to 'ws://localhost:6006/' failed: Error in connection establishment: net::ERR_CONNECTION_REFUSED @ http://localhost:6006/@vite/client:1034
[84744114ms] [ERROR] WebSocket connection to 'ws://localhost:6006/' failed: Error in connection establishment: net::ERR_CONNECTION_REFUSED @ http://localhost:6006/@vite/client:1034
[84745191ms] [ERROR] WebSocket connection to 'ws://localhost:6006/' failed: Error in connection establishment: net::ERR_CONNECTION_REFUSED @ http://localhost:6006/@vite/client:1034
[84746249ms] [ERROR] WebSocket connection to 'ws://localhost:6006/' failed: Error in connection establishment: net::ERR_CONNECTION_REFUSED @ http://localhost:6006/@vite/client:1034
[84747366ms] [ERROR] WebSocket connection to 'ws://localhost:6006/' failed: Error in connection establishment: net::ERR_CONNECTION_REFUSED @ http://localhost:6006/@vite/client:1034
[84748594ms] [ERROR] WebSocket connection to 'ws://localhost:6006/' failed: Error in connection establishment: net::ERR_CONNECTION_REFUSED @ http://localhost:6006/@vite/client:1034
[84750329ms] [ERROR] WebSocket connection to 'ws://localhost:6006/' failed: Error in connection establishment: net::ERR_CONNECTION_REFUSED @ http://localhost:6006/@vite/client:1034
[84751853ms] [ERROR] WebSocket connection to 'ws://localhost:6006/' failed: Error in connection establishment: net::ERR_CONNECTION_REFUSED @ http://localhost:6006/@vite/client:1034
[84754007ms] [ERROR] WebSocket connection to 'ws://localhost:6006/' failed: Error in connection establishment: net::ERR_CONNECTION_REFUSED @ http://localhost:6006/@vite/client:1034
[84758788ms] [ERROR] WebSocket connection to 'ws://localhost:6006/' failed: Error in connection establishment: net::ERR_CONNECTION_REFUSED @ http://localhost:6006/@vite/client:1034
[84763903ms] [ERROR] WebSocket connection to 'ws://localhost:6006/' failed: Error in connection establishment: net::ERR_CONNECTION_REFUSED @ http://localhost:6006/@vite/client:1034
[84768944ms] [ERROR] WebSocket connection to 'ws://localhost:6006/' failed: Error in connection establishment: net::ERR_CONNECTION_REFUSED @ http://localhost:6006/@vite/client:1034
[84774613ms] [ERROR] WebSocket connection to 'ws://localhost:6006/' failed: Error in connection establishment: net::ERR_CONNECTION_REFUSED @ http://localhost:6006/@vite/client:1034
[84776632ms] [ERROR] WebSocket connection to 'ws://localhost:6006/' failed: Error in connection establishment: net::ERR_CONNECTION_REFUSED @ http://localhost:6006/@vite/client:1034
[84781388ms] [ERROR] WebSocket connection to 'ws://localhost:6006/' failed: Error in connection establishment: net::ERR_CONNECTION_REFUSED @ http://localhost:6006/@vite/client:1034
[84795833ms] [ERROR] Failed to load resource: net::ERR_NETWORK_CHANGED @ http://localhost:6006/node_modules/vite/dist/client/env.mjs:0
