[ 8085654ms] [LOG] [vite] server connection lost. Polling for restart... @ http://localhost:6006/@vite/client:963
[ 8090405ms] [INFO] %cDownload the React DevTools for a better development experience: https://react.dev/link/react-devtools font-weight:bold @ http://localhost:6006/node_modules/.cache/storybook/eec3b1947cadd2d2762da73fc5b1aab48776e4812fe40cf815bc1a8cead41184/sb-vite/deps/chunk-NMQXOOAL.js?v=2c2c2420:20102
[ 9633525ms] [LOG] [vite] server connection lost. Polling for restart... @ http://localhost:6006/@vite/client:963
[ 9637760ms] [INFO] %cDownload the React DevTools for a better development experience: https://react.dev/link/react-devtools font-weight:bold @ http://localhost:6006/node_modules/.cache/storybook/eec3b1947cadd2d2762da73fc5b1aab48776e4812fe40cf815bc1a8cead41184/sb-vite/deps/chunk-NMQXOOAL.js?v=2c2c2420:20102
[11480943ms] [INFO] %cDownload the React DevTools for a better development experience: https://react.dev/link/react-devtools font-weight:bold @ http://localhost:6006/node_modules/.cache/storybook/eec3b1947cadd2d2762da73fc5b1aab48776e4812fe40cf815bc1a8cead41184/sb-vite/deps/chunk-NMQXOOAL.js?v=2c2c2420:20102
[11503343ms] [INFO] %cDownload the React DevTools for a better development experience: https://react.dev/link/react-devtools font-weight:bold @ http://localhost:6006/node_modules/.cache/storybook/eec3b1947cadd2d2762da73fc5b1aab48776e4812fe40cf815bc1a8cead41184/sb-vite/deps/chunk-NMQXOOAL.js?v=2c2c2420:20102
[11736759ms] [INFO] %cDownload the React DevTools for a better development experience: https://react.dev/link/react-devtools font-weight:bold @ http://localhost:6006/node_modules/.cache/storybook/eec3b1947cadd2d2762da73fc5b1aab48776e4812fe40cf815bc1a8cead41184/sb-vite/deps/chunk-NMQXOOAL.js?v=2c2c2420:20102
[12287039ms] [INFO] %cDownload the React DevTools for a better development experience: https://react.dev/link/react-devtools font-weight:bold @ http://localhost:6006/node_modules/.cache/storybook/eec3b1947cadd2d2762da73fc5b1aab48776e4812fe40cf815bc1a8cead41184/sb-vite/deps/chunk-NMQXOOAL.js?v=2c2c2420:20102
[12299819ms] [INFO] %cDownload the React DevTools for a better development experience: https://react.dev/link/react-devtools font-weight:bold @ http://localhost:6006/node_modules/.cache/storybook/eec3b1947cadd2d2762da73fc5b1aab48776e4812fe40cf815bc1a8cead41184/sb-vite/deps/chunk-NMQXOOAL.js?v=2c2c2420:20102
[12546367ms] [INFO] %cDownload the React DevTools for a better development experience: https://react.dev/link/react-devtools font-weight:bold @ http://localhost:6006/node_modules/.cache/storybook/eec3b1947cadd2d2762da73fc5b1aab48776e4812fe40cf815bc1a8cead41184/sb-vite/deps/chunk-NMQXOOAL.js?v=2c2c2420:20102
[12769436ms] [LOG] [vite] server connection lost. Polling for restart... @ http://localhost:6006/@vite/client:963
[12773216ms] [INFO] %cDownload the React DevTools for a better development experience: https://react.dev/link/react-devtools font-weight:bold @ http://localhost:6006/node_modules/.cache/storybook/eec3b1947cadd2d2762da73fc5b1aab48776e4812fe40cf815bc1a8cead41184/sb-vite/deps/chunk-NMQXOOAL.js?v=2c2c2420:20102
[13740742ms] [INFO] %cDownload the React DevTools for a better development experience: https://react.dev/link/react-devtools font-weight:bold @ http://localhost:6006/node_modules/.cache/storybook/eec3b1947cadd2d2762da73fc5b1aab48776e4812fe40cf815bc1a8cead41184/sb-vite/deps/chunk-NMQXOOAL.js?v=2c2c2420:20102
[13757562ms] [INFO] %cDownload the React DevTools for a better development experience: https://react.dev/link/react-devtools font-weight:bold @ http://localhost:6006/node_modules/.cache/storybook/eec3b1947cadd2d2762da73fc5b1aab48776e4812fe40cf815bc1a8cead41184/sb-vite/deps/chunk-NMQXOOAL.js?v=2c2c2420:20102
[13993829ms] [INFO] %cDownload the React DevTools for a better development experience: https://react.dev/link/react-devtools font-weight:bold @ http://localhost:6006/node_modules/.cache/storybook/eec3b1947cadd2d2762da73fc5b1aab48776e4812fe40cf815bc1a8cead41184/sb-vite/deps/chunk-NMQXOOAL.js?v=2c2c2420:20102
[14102687ms] [LOG] [vite] server connection lost. Polling for restart... @ http://localhost:6006/@vite/client:963
[14107271ms] [INFO] %cDownload the React DevTools for a better development experience: https://react.dev/link/react-devtools font-weight:bold @ http://localhost:6006/node_modules/.cache/storybook/eec3b1947cadd2d2762da73fc5b1aab48776e4812fe40cf815bc1a8cead41184/sb-vite/deps/chunk-NMQXOOAL.js?v=2c2c2420:20102
[36277692ms] [INFO] %cDownload the React DevTools for a better development experience: https://react.dev/link/react-devtools font-weight:bold @ http://localhost:6006/node_modules/.cache/storybook/eec3b1947cadd2d2762da73fc5b1aab48776e4812fe40cf815bc1a8cead41184/sb-vite/deps/chunk-NMQXOOAL.js?v=2c2c2420:20102
[36304666ms] [INFO] %cDownload the React DevTools for a better development experience: https://react.dev/link/react-devtools font-weight:bold @ http://localhost:6006/node_modules/.cache/storybook/eec3b1947cadd2d2762da73fc5b1aab48776e4812fe40cf815bc1a8cead41184/sb-vite/deps/chunk-NMQXOOAL.js?v=2c2c2420:20102
[36562661ms] [INFO] %cDownload the React DevTools for a better development experience: https://react.dev/link/react-devtools font-weight:bold @ http://localhost:6006/node_modules/.cache/storybook/eec3b1947cadd2d2762da73fc5b1aab48776e4812fe40cf815bc1a8cead41184/sb-vite/deps/chunk-NMQXOOAL.js?v=2c2c2420:20102
[37104811ms] [INFO] %cDownload the React DevTools for a better development experience: https://react.dev/link/react-devtools font-weight:bold @ http://localhost:6006/node_modules/.cache/storybook/eec3b1947cadd2d2762da73fc5b1aab48776e4812fe40cf815bc1a8cead41184/sb-vite/deps/chunk-NMQXOOAL.js?v=2c2c2420:20102
[37120011ms] [INFO] %cDownload the React DevTools for a better development experience: https://react.dev/link/react-devtools font-weight:bold @ http://localhost:6006/node_modules/.cache/storybook/eec3b1947cadd2d2762da73fc5b1aab48776e4812fe40cf815bc1a8cead41184/sb-vite/deps/chunk-NMQXOOAL.js?v=2c2c2420:20102
[37360010ms] [INFO] %cDownload the React DevTools for a better development experience: https://react.dev/link/react-devtools font-weight:bold @ http://localhost:6006/node_modules/.cache/storybook/eec3b1947cadd2d2762da73fc5b1aab48776e4812fe40cf815bc1a8cead41184/sb-vite/deps/chunk-NMQXOOAL.js?v=2c2c2420:20102
[37987822ms] [INFO] %cDownload the React DevTools for a better development experience: https://react.dev/link/react-devtools font-weight:bold @ http://localhost:6006/node_modules/.cache/storybook/eec3b1947cadd2d2762da73fc5b1aab48776e4812fe40cf815bc1a8cead41184/sb-vite/deps/chunk-NMQXOOAL.js?v=2c2c2420:20102
[38004982ms] [INFO] %cDownload the React DevTools for a better development experience: https://react.dev/link/react-devtools font-weight:bold @ http://localhost:6006/node_modules/.cache/storybook/eec3b1947cadd2d2762da73fc5b1aab48776e4812fe40cf815bc1a8cead41184/sb-vite/deps/chunk-NMQXOOAL.js?v=2c2c2420:20102
[38228336ms] [INFO] %cDownload the React DevTools for a better development experience: https://react.dev/link/react-devtools font-weight:bold @ http://localhost:6006/node_modules/.cache/storybook/eec3b1947cadd2d2762da73fc5b1aab48776e4812fe40cf815bc1a8cead41184/sb-vite/deps/chunk-NMQXOOAL.js?v=2c2c2420:20102
[38363032ms] [INFO] %cDownload the React DevTools for a better development experience: https://react.dev/link/react-devtools font-weight:bold @ http://localhost:6006/node_modules/.cache/storybook/eec3b1947cadd2d2762da73fc5b1aab48776e4812fe40cf815bc1a8cead41184/sb-vite/deps/chunk-NMQXOOAL.js?v=2c2c2420:20102
[38378268ms] [INFO] %cDownload the React DevTools for a better development experience: https://react.dev/link/react-devtools font-weight:bold @ http://localhost:6006/node_modules/.cache/storybook/eec3b1947cadd2d2762da73fc5b1aab48776e4812fe40cf815bc1a8cead41184/sb-vite/deps/chunk-NMQXOOAL.js?v=2c2c2420:20102
[38605767ms] [INFO] %cDownload the React DevTools for a better development experience: https://react.dev/link/react-devtools font-weight:bold @ http://localhost:6006/node_modules/.cache/storybook/eec3b1947cadd2d2762da73fc5b1aab48776e4812fe40cf815bc1a8cead41184/sb-vite/deps/chunk-NMQXOOAL.js?v=2c2c2420:20102
[38904506ms] [INFO] %cDownload the React DevTools for a better development experience: https://react.dev/link/react-devtools font-weight:bold @ http://localhost:6006/node_modules/.cache/storybook/eec3b1947cadd2d2762da73fc5b1aab48776e4812fe40cf815bc1a8cead41184/sb-vite/deps/chunk-NMQXOOAL.js?v=2c2c2420:20102
[38919767ms] [INFO] %cDownload the React DevTools for a better development experience: https://react.dev/link/react-devtools font-weight:bold @ http://localhost:6006/node_modules/.cache/storybook/eec3b1947cadd2d2762da73fc5b1aab48776e4812fe40cf815bc1a8cead41184/sb-vite/deps/chunk-NMQXOOAL.js?v=2c2c2420:20102
[39137018ms] [INFO] %cDownload the React DevTools for a better development experience: https://react.dev/link/react-devtools font-weight:bold @ http://localhost:6006/node_modules/.cache/storybook/eec3b1947cadd2d2762da73fc5b1aab48776e4812fe40cf815bc1a8cead41184/sb-vite/deps/chunk-NMQXOOAL.js?v=2c2c2420:20102
[42329607ms] [LOG] [vite] server connection lost. Polling for restart... @ http://localhost:6006/@vite/client:963
[43239102ms] [ERROR] Failed to load resource: net::ERR_NETWORK_CHANGED @ http://localhost:6006/src/components/ui/input.tsx:0
[43239102ms] [ERROR] TypeError: Failed to fetch dynamically imported module: http://localhost:6006/src/stories/ArticlePage.stories.tsx?t=1779027031279 @ http://localhost:6006/node_modules/.cache/storybook/eec3b1947cadd2d2762da73fc5b1aab48776e4812fe40cf815bc1a8cead41184/sb-vite/deps/storybook_internal_preview_runtime.js?v=2c2c2420:4636
[43239124ms] [ERROR] Failed to load resource: net::ERR_NETWORK_CHANGED @ http://localhost:6006/src/components/ui/link.tsx:0
[43239124ms] [ERROR] Failed to load resource: net::ERR_NETWORK_CHANGED @ http://localhost:6006/src/components/ui/separator.tsx:0
[43239124ms] [ERROR] Failed to load resource: net::ERR_NETWORK_CHANGED @ http://localhost:6006/src/components/ui/article-card.tsx?t=1778989186239:0
[43239124ms] [ERROR] Failed to load resource: net::ERR_NETWORK_CHANGED @ http://localhost:6006/src/components/fre/site-footer.tsx?t=1779023395557:0
[43239124ms] [ERROR] Failed to load resource: net::ERR_NETWORK_CHANGED @ http://localhost:6006/src/components/ui/grid.tsx:0
[43239124ms] [ERROR] Failed to load resource: net::ERR_NETWORK_CHANGED @ http://localhost:6006/src/components/fre/article-hero.tsx:0
[43239124ms] [ERROR] Failed to load resource: net::ERR_NETWORK_CHANGED @ http://localhost:6006/src/components/fre/article-byline.tsx:0
[43239124ms] [ERROR] Failed to load resource: net::ERR_NETWORK_CHANGED @ http://localhost:6006/src/components/fre/article-body.tsx:0
[43239124ms] [ERROR] Failed to load resource: net::ERR_NETWORK_CHANGED @ http://localhost:6006/src/components/fre/related-articles.tsx?t=1778989212062:0
[43239124ms] [ERROR] Failed to load resource: net::ERR_NETWORK_CHANGED @ http://localhost:6006/src/components/fre/ad-placeholder.tsx:0
[51743207ms] [ERROR] TypeError: Failed to fetch dynamically imported module: http://localhost:6006/src/stories/ArticlePage.stories.tsx?t=1779038133478 @ http://localhost:6006/node_modules/.cache/storybook/eec3b1947cadd2d2762da73fc5b1aab48776e4812fe40cf815bc1a8cead41184/sb-vite/deps/storybook_internal_preview_runtime.js?v=2c2c2420:4636
[55980237ms] [LOG] [vite] server connection lost. Polling for restart... @ http://localhost:6006/@vite/client:963
[55995574ms] [INFO] %cDownload the React DevTools for a better development experience: https://react.dev/link/react-devtools font-weight:bold @ http://localhost:6006/node_modules/.cache/storybook/eec3b1947cadd2d2762da73fc5b1aab48776e4812fe40cf815bc1a8cead41184/sb-vite/deps/chunk-NMQXOOAL.js?v=2c2c2420:20102
[64050014ms] [LOG] [vite] server connection lost. Polling for restart... @ http://localhost:6006/@vite/client:963
[64080629ms] [INFO] %cDownload the React DevTools for a better development experience: https://react.dev/link/react-devtools font-weight:bold @ http://localhost:6006/node_modules/.cache/storybook/eec3b1947cadd2d2762da73fc5b1aab48776e4812fe40cf815bc1a8cead41184/sb-vite/deps/chunk-NMQXOOAL.js?v=2c2c2420:20102
[77127168ms] [LOG] [vite] server connection lost. Polling for restart... @ http://localhost:6006/@vite/client:963
[77131591ms] [INFO] %cDownload the React DevTools for a better development experience: https://react.dev/link/react-devtools font-weight:bold @ http://localhost:6006/node_modules/.cache/storybook/eec3b1947cadd2d2762da73fc5b1aab48776e4812fe40cf815bc1a8cead41184/sb-vite/deps/chunk-NMQXOOAL.js?v=2c2c2420:20102
[82908466ms] [LOG] [vite] server connection lost. Polling for restart... @ http://localhost:6006/@vite/client:963
[82916673ms] [INFO] %cDownload the React DevTools for a better development experience: https://react.dev/link/react-devtools font-weight:bold @ http://localhost:6006/node_modules/.cache/storybook/eec3b1947cadd2d2762da73fc5b1aab48776e4812fe40cf815bc1a8cead41184/sb-vite/deps/chunk-NMQXOOAL.js?v=2c2c2420:20102
[101393685ms] [INFO] %cDownload the React DevTools for a better development experience: https://react.dev/link/react-devtools font-weight:bold @ http://localhost:6006/node_modules/.cache/storybook/eec3b1947cadd2d2762da73fc5b1aab48776e4812fe40cf815bc1a8cead41184/sb-vite/deps/chunk-NMQXOOAL.js?v=2c2c2420:20102
[101411294ms] [INFO] %cDownload the React DevTools for a better development experience: https://react.dev/link/react-devtools font-weight:bold @ http://localhost:6006/node_modules/.cache/storybook/eec3b1947cadd2d2762da73fc5b1aab48776e4812fe40cf815bc1a8cead41184/sb-vite/deps/chunk-NMQXOOAL.js?v=2c2c2420:20102
[101642218ms] [INFO] %cDownload the React DevTools for a better development experience: https://react.dev/link/react-devtools font-weight:bold @ http://localhost:6006/node_modules/.cache/storybook/eec3b1947cadd2d2762da73fc5b1aab48776e4812fe40cf815bc1a8cead41184/sb-vite/deps/chunk-NMQXOOAL.js?v=2c2c2420:20102
[102718209ms] [LOG] [vite] server connection lost. Polling for restart... @ http://localhost:6006/@vite/client:963
[102723054ms] [INFO] %cDownload the React DevTools for a better development experience: https://react.dev/link/react-devtools font-weight:bold @ http://localhost:6006/node_modules/.cache/storybook/eec3b1947cadd2d2762da73fc5b1aab48776e4812fe40cf815bc1a8cead41184/sb-vite/deps/chunk-NMQXOOAL.js?v=2c2c2420:20102
[121877316ms] [LOG] [vite] server connection lost. Polling for restart... @ http://localhost:6006/@vite/client:963
[121880814ms] [INFO] %cDownload the React DevTools for a better development experience: https://react.dev/link/react-devtools font-weight:bold @ http://localhost:6006/node_modules/.cache/storybook/eec3b1947cadd2d2762da73fc5b1aab48776e4812fe40cf815bc1a8cead41184/sb-vite/deps/chunk-NMQXOOAL.js?v=2c2c2420:20102
[127425694ms] [LOG] [vite] server connection lost. Polling for restart... @ http://localhost:6006/@vite/client:963
[127428677ms] [INFO] %cDownload the React DevTools for a better development experience: https://react.dev/link/react-devtools font-weight:bold @ http://localhost:6006/node_modules/.cache/storybook/eec3b1947cadd2d2762da73fc5b1aab48776e4812fe40cf815bc1a8cead41184/sb-vite/deps/chunk-NMQXOOAL.js?v=2c2c2420:20102
[128405570ms] [LOG] [vite] server connection lost. Polling for restart... @ http://localhost:6006/@vite/client:963
[128405644ms] [ERROR] WebSocket connection to 'ws://localhost:6006/' failed: Error in connection establishment: net::ERR_CONNECTION_REFUSED @ http://localhost:6006/@vite/client:1034
[128406696ms] [ERROR] WebSocket connection to 'ws://localhost:6006/' failed: Error in connection establishment: net::ERR_CONNECTION_REFUSED @ http://localhost:6006/@vite/client:1034
[128407715ms] [ERROR] WebSocket connection to 'ws://localhost:6006/' failed: Error in connection establishment: net::ERR_CONNECTION_REFUSED @ http://localhost:6006/@vite/client:1034
[128408718ms] [ERROR] WebSocket connection to 'ws://localhost:6006/' failed: Error in connection establishment: net::ERR_CONNECTION_REFUSED @ http://localhost:6006/@vite/client:1034
[128409833ms] [ERROR] WebSocket connection to 'ws://localhost:6006/' failed: Error in connection establishment: net::ERR_CONNECTION_REFUSED @ http://localhost:6006/@vite/client:1034
[128410873ms] [ERROR] WebSocket connection to 'ws://localhost:6006/' failed: Error in connection establishment: net::ERR_CONNECTION_REFUSED @ http://localhost:6006/@vite/client:1034
[128411882ms] [ERROR] WebSocket connection to 'ws://localhost:6006/' failed: Error in connection establishment: net::ERR_CONNECTION_REFUSED @ http://localhost:6006/@vite/client:1034
[128412899ms] [ERROR] WebSocket connection to 'ws://localhost:6006/' failed: Error in connection establishment: net::ERR_CONNECTION_REFUSED @ http://localhost:6006/@vite/client:1034
[128413952ms] [ERROR] WebSocket connection to 'ws://localhost:6006/' failed: Error in connection establishment: net::ERR_CONNECTION_REFUSED @ http://localhost:6006/@vite/client:1034
[128414994ms] [ERROR] WebSocket connection to 'ws://localhost:6006/' failed: Error in connection establishment: net::ERR_CONNECTION_REFUSED @ http://localhost:6006/@vite/client:1034
[128416069ms] [ERROR] WebSocket connection to 'ws://localhost:6006/' failed: Error in connection establishment: net::ERR_CONNECTION_REFUSED @ http://localhost:6006/@vite/client:1034
[128417331ms] [ERROR] WebSocket connection to 'ws://localhost:6006/' failed: Error in connection establishment: net::ERR_CONNECTION_REFUSED @ http://localhost:6006/@vite/client:1034
[128418920ms] [ERROR] WebSocket connection to 'ws://localhost:6006/' failed: Error in connection establishment: net::ERR_CONNECTION_REFUSED @ http://localhost:6006/@vite/client:1034
[128421027ms] [ERROR] WebSocket connection to 'ws://localhost:6006/' failed: Error in connection establishment: net::ERR_CONNECTION_REFUSED @ http://localhost:6006/@vite/client:1034
[128424048ms] [ERROR] WebSocket connection to 'ws://localhost:6006/' failed: Error in connection establishment: net::ERR_CONNECTION_REFUSED @ http://localhost:6006/@vite/client:1034
[128427380ms] [ERROR] WebSocket connection to 'ws://localhost:6006/' failed: Error in connection establishment: net::ERR_CONNECTION_REFUSED @ http://localhost:6006/@vite/client:1034
[128430849ms] [ERROR] WebSocket connection to 'ws://localhost:6006/' failed: Error in connection establishment: net::ERR_CONNECTION_REFUSED @ http://localhost:6006/@vite/client:1034
[128433739ms] [ERROR] WebSocket connection to 'ws://localhost:6006/' failed: Error in connection establishment: net::ERR_CONNECTION_REFUSED @ http://localhost:6006/@vite/client:1034
[128437415ms] [ERROR] WebSocket connection to 'ws://localhost:6006/' failed: Error in connection establishment: net::ERR_CONNECTION_REFUSED @ http://localhost:6006/@vite/client:1034
[128440286ms] [ERROR] WebSocket connection to 'ws://localhost:6006/' failed: Error in connection establishment: net::ERR_CONNECTION_REFUSED @ http://localhost:6006/@vite/client:1034
[128443963ms] [ERROR] WebSocket connection to 'ws://localhost:6006/' failed: Error in connection establishment: net::ERR_CONNECTION_REFUSED @ http://localhost:6006/@vite/client:1034
[128448781ms] [ERROR] WebSocket connection to 'ws://localhost:6006/' failed: Error in connection establishment: net::ERR_CONNECTION_REFUSED @ http://localhost:6006/@vite/client:1034
[128454103ms] [ERROR] WebSocket connection to 'ws://localhost:6006/' failed: Error in connection establishment: net::ERR_CONNECTION_REFUSED @ http://localhost:6006/@vite/client:1034
[128457657ms] [ERROR] WebSocket connection to 'ws://localhost:6006/' failed: Error in connection establishment: net::ERR_CONNECTION_REFUSED @ http://localhost:6006/@vite/client:1034
[128461608ms] [ERROR] WebSocket connection to 'ws://localhost:6006/' failed: Error in connection establishment: net::ERR_CONNECTION_REFUSED @ http://localhost:6006/@vite/client:1034
[128463856ms] [ERROR] WebSocket connection to 'ws://localhost:6006/' failed: Error in connection establishment: net::ERR_CONNECTION_REFUSED @ http://localhost:6006/@vite/client:1034
[128468550ms] [ERROR] WebSocket connection to 'ws://localhost:6006/' failed: Error in connection establishment: net::ERR_CONNECTION_REFUSED @ http://localhost:6006/@vite/client:1034
[128474284ms] [ERROR] WebSocket connection to 'ws://localhost:6006/' failed: Error in connection establishment: net::ERR_CONNECTION_REFUSED @ http://localhost:6006/@vite/client:1034
[128478452ms] [ERROR] WebSocket connection to 'ws://localhost:6006/' failed: Error in connection establishment: net::ERR_CONNECTION_REFUSED @ http://localhost:6006/@vite/client:1034
[128484448ms] [ERROR] WebSocket connection to 'ws://localhost:6006/' failed: Error in connection establishment: net::ERR_CONNECTION_REFUSED @ http://localhost:6006/@vite/client:1034
[128488518ms] [ERROR] WebSocket connection to 'ws://localhost:6006/' failed: Error in connection establishment: net::ERR_CONNECTION_REFUSED @ http://localhost:6006/@vite/client:1034
[128491835ms] [ERROR] WebSocket connection to 'ws://localhost:6006/' failed: Error in connection establishment: net::ERR_CONNECTION_REFUSED @ http://localhost:6006/@vite/client:1034
[128494824ms] [ERROR] WebSocket connection to 'ws://localhost:6006/' failed: Error in connection establishment: net::ERR_CONNECTION_REFUSED @ http://localhost:6006/@vite/client:1034
[128498118ms] [ERROR] WebSocket connection to 'ws://localhost:6006/' failed: Error in connection establishment: net::ERR_CONNECTION_REFUSED @ http://localhost:6006/@vite/client:1034
[128503126ms] [ERROR] WebSocket connection to 'ws://localhost:6006/' failed: Error in connection establishment: net::ERR_CONNECTION_REFUSED @ http://localhost:6006/@vite/client:1034
[128507415ms] [ERROR] WebSocket connection to 'ws://localhost:6006/' failed: Error in connection establishment: net::ERR_CONNECTION_REFUSED @ http://localhost:6006/@vite/client:1034
[128511119ms] [ERROR] WebSocket connection to 'ws://localhost:6006/' failed: Error in connection establishment: net::ERR_CONNECTION_REFUSED @ http://localhost:6006/@vite/client:1034
[128514315ms] [ERROR] WebSocket connection to 'ws://localhost:6006/' failed: Error in connection establishment: net::ERR_CONNECTION_REFUSED @ http://localhost:6006/@vite/client:1034
[128519908ms] [ERROR] WebSocket connection to 'ws://localhost:6006/' failed: Error in connection establishment: net::ERR_CONNECTION_REFUSED @ http://localhost:6006/@vite/client:1034
[128522924ms] [ERROR] WebSocket connection to 'ws://localhost:6006/' failed: Error in connection establishment: net::ERR_CONNECTION_REFUSED @ http://localhost:6006/@vite/client:1034
[128526306ms] [ERROR] WebSocket connection to 'ws://localhost:6006/' failed: Error in connection establishment: net::ERR_CONNECTION_REFUSED @ http://localhost:6006/@vite/client:1034
[128530385ms] [ERROR] WebSocket connection to 'ws://localhost:6006/' failed: Error in connection establishment: net::ERR_CONNECTION_REFUSED @ http://localhost:6006/@vite/client:1034
[128534292ms] [ERROR] WebSocket connection to 'ws://localhost:6006/' failed: Error in connection establishment: net::ERR_CONNECTION_REFUSED @ http://localhost:6006/@vite/client:1034
[128537981ms] [ERROR] WebSocket connection to 'ws://localhost:6006/' failed: Error in connection establishment: net::ERR_CONNECTION_REFUSED @ http://localhost:6006/@vite/client:1034
[128543108ms] [ERROR] WebSocket connection to 'ws://localhost:6006/' failed: Error in connection establishment: net::ERR_CONNECTION_REFUSED @ http://localhost:6006/@vite/client:1034
[128547434ms] [ERROR] WebSocket connection to 'ws://localhost:6006/' failed: Error in connection establishment: net::ERR_CONNECTION_REFUSED @ http://localhost:6006/@vite/client:1034
[128549660ms] [ERROR] WebSocket connection to 'ws://localhost:6006/' failed: Error in connection establishment: net::ERR_CONNECTION_REFUSED @ http://localhost:6006/@vite/client:1034
[128555606ms] [ERROR] WebSocket connection to 'ws://localhost:6006/' failed: Error in connection establishment: net::ERR_CONNECTION_REFUSED @ http://localhost:6006/@vite/client:1034
[128558935ms] [ERROR] WebSocket connection to 'ws://localhost:6006/' failed: Error in connection establishment: net::ERR_CONNECTION_REFUSED @ http://localhost:6006/@vite/client:1034
[128564073ms] [ERROR] WebSocket connection to 'ws://localhost:6006/' failed: Error in connection establishment: net::ERR_CONNECTION_REFUSED @ http://localhost:6006/@vite/client:1034
[128566391ms] [ERROR] WebSocket connection to 'ws://localhost:6006/' failed: Error in connection establishment: net::ERR_CONNECTION_REFUSED @ http://localhost:6006/@vite/client:1034
[128570535ms] [ERROR] WebSocket connection to 'ws://localhost:6006/' failed: Error in connection establishment: net::ERR_CONNECTION_REFUSED @ http://localhost:6006/@vite/client:1034
[128573719ms] [ERROR] WebSocket connection to 'ws://localhost:6006/' failed: Error in connection establishment: net::ERR_CONNECTION_REFUSED @ http://localhost:6006/@vite/client:1034
[128578640ms] [ERROR] WebSocket connection to 'ws://localhost:6006/' failed: Error in connection establishment: net::ERR_CONNECTION_REFUSED @ http://localhost:6006/@vite/client:1034
[128582595ms] [ERROR] WebSocket connection to 'ws://localhost:6006/' failed: Error in connection establishment: net::ERR_CONNECTION_REFUSED @ http://localhost:6006/@vite/client:1034
[128585907ms] [ERROR] WebSocket connection to 'ws://localhost:6006/' failed: Error in connection establishment: net::ERR_CONNECTION_REFUSED @ http://localhost:6006/@vite/client:1034
[128589190ms] [ERROR] WebSocket connection to 'ws://localhost:6006/' failed: Error in connection establishment: net::ERR_CONNECTION_REFUSED @ http://localhost:6006/@vite/client:1034
[128593278ms] [ERROR] WebSocket connection to 'ws://localhost:6006/' failed: Error in connection establishment: net::ERR_CONNECTION_REFUSED @ http://localhost:6006/@vite/client:1034
[128596116ms] [ERROR] WebSocket connection to 'ws://localhost:6006/' failed: Error in connection establishment: net::ERR_CONNECTION_REFUSED @ http://localhost:6006/@vite/client:1034
[128600041ms] [ERROR] WebSocket connection to 'ws://localhost:6006/' failed: Error in connection establishment: net::ERR_CONNECTION_REFUSED @ http://localhost:6006/@vite/client:1034
[128603347ms] [ERROR] WebSocket connection to 'ws://localhost:6006/' failed: Error in connection establishment: net::ERR_CONNECTION_REFUSED @ http://localhost:6006/@vite/client:1034
[128607821ms] [ERROR] WebSocket connection to 'ws://localhost:6006/' failed: Error in connection establishment: net::ERR_CONNECTION_REFUSED @ http://localhost:6006/@vite/client:1034
[128611260ms] [ERROR] WebSocket connection to 'ws://localhost:6006/' failed: Error in connection establishment: net::ERR_CONNECTION_REFUSED @ http://localhost:6006/@vite/client:1034
[128613977ms] [ERROR] WebSocket connection to 'ws://localhost:6006/' failed: Error in connection establishment: net::ERR_CONNECTION_REFUSED @ http://localhost:6006/@vite/client:1034
[128617336ms] [ERROR] WebSocket connection to 'ws://localhost:6006/' failed: Error in connection establishment: net::ERR_CONNECTION_REFUSED @ http://localhost:6006/@vite/client:1034
[128622449ms] [ERROR] WebSocket connection to 'ws://localhost:6006/' failed: Error in connection establishment: net::ERR_CONNECTION_REFUSED @ http://localhost:6006/@vite/client:1034
[128625558ms] [ERROR] WebSocket connection to 'ws://localhost:6006/' failed: Error in connection establishment: net::ERR_CONNECTION_REFUSED @ http://localhost:6006/@vite/client:1034
[128631527ms] [ERROR] WebSocket connection to 'ws://localhost:6006/' failed: Error in connection establishment: net::ERR_CONNECTION_REFUSED @ http://localhost:6006/@vite/client:1034
[128634246ms] [ERROR] WebSocket connection to 'ws://localhost:6006/' failed: Error in connection establishment: net::ERR_CONNECTION_REFUSED @ http://localhost:6006/@vite/client:1034
[128636384ms] [ERROR] WebSocket connection to 'ws://localhost:6006/' failed: Error in connection establishment: net::ERR_CONNECTION_REFUSED @ http://localhost:6006/@vite/client:1034
[128638833ms] [ERROR] WebSocket connection to 'ws://localhost:6006/' failed: Error in connection establishment: net::ERR_CONNECTION_REFUSED @ http://localhost:6006/@vite/client:1034
[128642401ms] [ERROR] WebSocket connection to 'ws://localhost:6006/' failed: Error in connection establishment: net::ERR_CONNECTION_REFUSED @ http://localhost:6006/@vite/client:1034
[128645177ms] [ERROR] WebSocket connection to 'ws://localhost:6006/' failed: Error in connection establishment: net::ERR_CONNECTION_REFUSED @ http://localhost:6006/@vite/client:1034
[128646229ms] [ERROR] WebSocket connection to 'ws://localhost:6006/' failed: Error in connection establishment: net::ERR_CONNECTION_REFUSED @ http://localhost:6006/@vite/client:1034
[128647357ms] [ERROR] WebSocket connection to 'ws://localhost:6006/' failed: Error in connection establishment: net::ERR_CONNECTION_REFUSED @ http://localhost:6006/@vite/client:1034
[128648391ms] [ERROR] WebSocket connection to 'ws://localhost:6006/' failed: Error in connection establishment: net::ERR_CONNECTION_REFUSED @ http://localhost:6006/@vite/client:1034
[128649601ms] [ERROR] WebSocket connection to 'ws://localhost:6006/' failed: Error in connection establishment: net::ERR_CONNECTION_REFUSED @ http://localhost:6006/@vite/client:1034
[128650705ms] [ERROR] WebSocket connection to 'ws://localhost:6006/' failed: Error in connection establishment: net::ERR_CONNECTION_REFUSED @ http://localhost:6006/@vite/client:1034
[128651788ms] [ERROR] WebSocket connection to 'ws://localhost:6006/' failed: Error in connection establishment: net::ERR_CONNECTION_REFUSED @ http://localhost:6006/@vite/client:1034
[128652928ms] [ERROR] WebSocket connection to 'ws://localhost:6006/' failed: Error in connection establishment: net::ERR_CONNECTION_REFUSED @ http://localhost:6006/@vite/client:1034
[128654041ms] [ERROR] WebSocket connection to 'ws://localhost:6006/' failed: Error in connection establishment: net::ERR_CONNECTION_REFUSED @ http://localhost:6006/@vite/client:1034
[128655217ms] [ERROR] WebSocket connection to 'ws://localhost:6006/' failed: Error in connection establishment: net::ERR_CONNECTION_REFUSED @ http://localhost:6006/@vite/client:1034
[128656283ms] [ERROR] WebSocket connection to 'ws://localhost:6006/' failed: Error in connection establishment: net::ERR_CONNECTION_REFUSED @ http://localhost:6006/@vite/client:1034
[128657460ms] [ERROR] WebSocket connection to 'ws://localhost:6006/' failed: Error in connection establishment: net::ERR_CONNECTION_REFUSED @ http://localhost:6006/@vite/client:1034
[128658726ms] [ERROR] WebSocket connection to 'ws://localhost:6006/' failed: Error in connection establishment: net::ERR_CONNECTION_REFUSED @ http://localhost:6006/@vite/client:1034
[128660053ms] [ERROR] WebSocket connection to 'ws://localhost:6006/' failed: Error in connection establishment: net::ERR_CONNECTION_REFUSED @ http://localhost:6006/@vite/client:1034
[128662304ms] [ERROR] WebSocket connection to 'ws://localhost:6006/' failed: Error in connection establishment: net::ERR_CONNECTION_REFUSED @ http://localhost:6006/@vite/client:1034
[128663914ms] [ERROR] WebSocket connection to 'ws://localhost:6006/' failed: Error in connection establishment: net::ERR_CONNECTION_REFUSED @ http://localhost:6006/@vite/client:1034
[128666414ms] [ERROR] WebSocket connection to 'ws://localhost:6006/' failed: Error in connection establishment: net::ERR_CONNECTION_REFUSED @ http://localhost:6006/@vite/client:1034
[128671129ms] [ERROR] WebSocket connection to 'ws://localhost:6006/' failed: Error in connection establishment: net::ERR_CONNECTION_REFUSED @ http://localhost:6006/@vite/client:1034
[128673719ms] [ERROR] WebSocket connection to 'ws://localhost:6006/' failed: Error in connection establishment: net::ERR_CONNECTION_REFUSED @ http://localhost:6006/@vite/client:1034
[128679051ms] [ERROR] WebSocket connection to 'ws://localhost:6006/' failed: Error in connection establishment: net::ERR_CONNECTION_REFUSED @ http://localhost:6006/@vite/client:1034
[128681783ms] [ERROR] WebSocket connection to 'ws://localhost:6006/' failed: Error in connection establishment: net::ERR_CONNECTION_REFUSED @ http://localhost:6006/@vite/client:1034
[128687544ms] [ERROR] WebSocket connection to 'ws://localhost:6006/' failed: Error in connection establishment: net::ERR_CONNECTION_REFUSED @ http://localhost:6006/@vite/client:1034
[128693620ms] [ERROR] WebSocket connection to 'ws://localhost:6006/' failed: Error in connection establishment: net::ERR_CONNECTION_REFUSED @ http://localhost:6006/@vite/client:1034
[128697779ms] [ERROR] WebSocket connection to 'ws://localhost:6006/' failed: Error in connection establishment: net::ERR_CONNECTION_REFUSED @ http://localhost:6006/@vite/client:1034
[128702194ms] [ERROR] WebSocket connection to 'ws://localhost:6006/' failed: Error in connection establishment: net::ERR_CONNECTION_REFUSED @ http://localhost:6006/@vite/client:1034
[128704668ms] [ERROR] WebSocket connection to 'ws://localhost:6006/' failed: Error in connection establishment: net::ERR_CONNECTION_REFUSED @ http://localhost:6006/@vite/client:1034
[128708724ms] [ERROR] WebSocket connection to 'ws://localhost:6006/' failed: Error in connection establishment: net::ERR_CONNECTION_REFUSED @ http://localhost:6006/@vite/client:1034
[128712707ms] [ERROR] WebSocket connection to 'ws://localhost:6006/' failed: Error in connection establishment: net::ERR_CONNECTION_REFUSED @ http://localhost:6006/@vite/client:1034
[128715552ms] [ERROR] WebSocket connection to 'ws://localhost:6006/' failed: Error in connection establishment: net::ERR_CONNECTION_REFUSED @ http://localhost:6006/@vite/client:1034
[128720278ms] [ERROR] WebSocket connection to 'ws://localhost:6006/' failed: Error in connection establishment: net::ERR_CONNECTION_REFUSED @ http://localhost:6006/@vite/client:1034
[128722564ms] [ERROR] WebSocket connection to 'ws://localhost:6006/' failed: Error in connection establishment: net::ERR_CONNECTION_REFUSED @ http://localhost:6006/@vite/client:1034
[128727009ms] [ERROR] WebSocket connection to 'ws://localhost:6006/' failed: Error in connection establishment: net::ERR_CONNECTION_REFUSED @ http://localhost:6006/@vite/client:1034
[128729262ms] [ERROR] WebSocket connection to 'ws://localhost:6006/' failed: Error in connection establishment: net::ERR_CONNECTION_REFUSED @ http://localhost:6006/@vite/client:1034
[128732712ms] [ERROR] WebSocket connection to 'ws://localhost:6006/' failed: Error in connection establishment: net::ERR_CONNECTION_REFUSED @ http://localhost:6006/@vite/client:1034
[128737313ms] [ERROR] WebSocket connection to 'ws://localhost:6006/' failed: Error in connection establishment: net::ERR_CONNECTION_REFUSED @ http://localhost:6006/@vite/client:1034
[128742738ms] [ERROR] WebSocket connection to 'ws://localhost:6006/' failed: Error in connection establishment: net::ERR_CONNECTION_REFUSED @ http://localhost:6006/@vite/client:1034
[128745597ms] [ERROR] WebSocket connection to 'ws://localhost:6006/' failed: Error in connection establishment: net::ERR_CONNECTION_REFUSED @ http://localhost:6006/@vite/client:1034
[128748531ms] [ERROR] WebSocket connection to 'ws://localhost:6006/' failed: Error in connection establishment: net::ERR_CONNECTION_REFUSED @ http://localhost:6006/@vite/client:1034
[128753022ms] [ERROR] WebSocket connection to 'ws://localhost:6006/' failed: Error in connection establishment: net::ERR_CONNECTION_REFUSED @ http://localhost:6006/@vite/client:1034
[128756195ms] [ERROR] WebSocket connection to 'ws://localhost:6006/' failed: Error in connection establishment: net::ERR_CONNECTION_REFUSED @ http://localhost:6006/@vite/client:1034
[128758867ms] [ERROR] WebSocket connection to 'ws://localhost:6006/' failed: Error in connection establishment: net::ERR_CONNECTION_REFUSED @ http://localhost:6006/@vite/client:1034
[128762744ms] [ERROR] WebSocket connection to 'ws://localhost:6006/' failed: Error in connection establishment: net::ERR_CONNECTION_REFUSED @ http://localhost:6006/@vite/client:1034
[128767055ms] [ERROR] WebSocket connection to 'ws://localhost:6006/' failed: Error in connection establishment: net::ERR_CONNECTION_REFUSED @ http://localhost:6006/@vite/client:1034
[128770035ms] [ERROR] WebSocket connection to 'ws://localhost:6006/' failed: Error in connection establishment: net::ERR_CONNECTION_REFUSED @ http://localhost:6006/@vite/client:1034
[128773192ms] [ERROR] WebSocket connection to 'ws://localhost:6006/' failed: Error in connection establishment: net::ERR_CONNECTION_REFUSED @ http://localhost:6006/@vite/client:1034
[128777075ms] [ERROR] WebSocket connection to 'ws://localhost:6006/' failed: Error in connection establishment: net::ERR_CONNECTION_REFUSED @ http://localhost:6006/@vite/client:1034
[128779634ms] [ERROR] WebSocket connection to 'ws://localhost:6006/' failed: Error in connection establishment: net::ERR_CONNECTION_REFUSED @ http://localhost:6006/@vite/client:1034
[128785330ms] [ERROR] WebSocket connection to 'ws://localhost:6006/' failed: Error in connection establishment: net::ERR_CONNECTION_REFUSED @ http://localhost:6006/@vite/client:1034
[128788663ms] [ERROR] WebSocket connection to 'ws://localhost:6006/' failed: Error in connection establishment: net::ERR_CONNECTION_REFUSED @ http://localhost:6006/@vite/client:1034
[128793368ms] [ERROR] WebSocket connection to 'ws://localhost:6006/' failed: Error in connection establishment: net::ERR_CONNECTION_REFUSED @ http://localhost:6006/@vite/client:1034
[128797791ms] [ERROR] WebSocket connection to 'ws://localhost:6006/' failed: Error in connection establishment: net::ERR_CONNECTION_REFUSED @ http://localhost:6006/@vite/client:1034
[128801444ms] [ERROR] WebSocket connection to 'ws://localhost:6006/' failed: Error in connection establishment: net::ERR_CONNECTION_REFUSED @ http://localhost:6006/@vite/client:1034
[128806843ms] [ERROR] WebSocket connection to 'ws://localhost:6006/' failed: Error in connection establishment: net::ERR_CONNECTION_REFUSED @ http://localhost:6006/@vite/client:1034
[128812497ms] [ERROR] WebSocket connection to 'ws://localhost:6006/' failed: Error in connection establishment: net::ERR_CONNECTION_REFUSED @ http://localhost:6006/@vite/client:1034
[128818301ms] [ERROR] WebSocket connection to 'ws://localhost:6006/' failed: Error in connection establishment: net::ERR_CONNECTION_REFUSED @ http://localhost:6006/@vite/client:1034
[128823184ms] [ERROR] WebSocket connection to 'ws://localhost:6006/' failed: Error in connection establishment: net::ERR_CONNECTION_REFUSED @ http://localhost:6006/@vite/client:1034
[128825232ms] [ERROR] WebSocket connection to 'ws://localhost:6006/' failed: Error in connection establishment: net::ERR_CONNECTION_REFUSED @ http://localhost:6006/@vite/client:1034
[128828590ms] [ERROR] WebSocket connection to 'ws://localhost:6006/' failed: Error in connection establishment: net::ERR_CONNECTION_REFUSED @ http://localhost:6006/@vite/client:1034
[128833163ms] [ERROR] WebSocket connection to 'ws://localhost:6006/' failed: Error in connection establishment: net::ERR_CONNECTION_REFUSED @ http://localhost:6006/@vite/client:1034
[128838848ms] [ERROR] WebSocket connection to 'ws://localhost:6006/' failed: Error in connection establishment: net::ERR_CONNECTION_REFUSED @ http://localhost:6006/@vite/client:1034
[128843336ms] [ERROR] WebSocket connection to 'ws://localhost:6006/' failed: Error in connection establishment: net::ERR_CONNECTION_REFUSED @ http://localhost:6006/@vite/client:1034
[128849359ms] [ERROR] WebSocket connection to 'ws://localhost:6006/' failed: Error in connection establishment: net::ERR_CONNECTION_REFUSED @ http://localhost:6006/@vite/client:1034
[128852155ms] [ERROR] WebSocket connection to 'ws://localhost:6006/' failed: Error in connection establishment: net::ERR_CONNECTION_REFUSED @ http://localhost:6006/@vite/client:1034
[128854617ms] [ERROR] WebSocket connection to 'ws://localhost:6006/' failed: Error in connection establishment: net::ERR_CONNECTION_REFUSED @ http://localhost:6006/@vite/client:1034
[128858962ms] [ERROR] WebSocket connection to 'ws://localhost:6006/' failed: Error in connection establishment: net::ERR_CONNECTION_REFUSED @ http://localhost:6006/@vite/client:1034
[128863255ms] [ERROR] WebSocket connection to 'ws://localhost:6006/' failed: Error in connection establishment: net::ERR_CONNECTION_REFUSED @ http://localhost:6006/@vite/client:1034
[128866581ms] [ERROR] WebSocket connection to 'ws://localhost:6006/' failed: Error in connection establishment: net::ERR_CONNECTION_REFUSED @ http://localhost:6006/@vite/client:1034
[128869916ms] [ERROR] WebSocket connection to 'ws://localhost:6006/' failed: Error in connection establishment: net::ERR_CONNECTION_REFUSED @ http://localhost:6006/@vite/client:1034
[128872700ms] [ERROR] WebSocket connection to 'ws://localhost:6006/' failed: Error in connection establishment: net::ERR_CONNECTION_REFUSED @ http://localhost:6006/@vite/client:1034
[128875660ms] [ERROR] WebSocket connection to 'ws://localhost:6006/' failed: Error in connection establishment: net::ERR_CONNECTION_REFUSED @ http://localhost:6006/@vite/client:1034
[128879906ms] [ERROR] WebSocket connection to 'ws://localhost:6006/' failed: Error in connection establishment: net::ERR_CONNECTION_REFUSED @ http://localhost:6006/@vite/client:1034
[128883512ms] [ERROR] WebSocket connection to 'ws://localhost:6006/' failed: Error in connection establishment: net::ERR_CONNECTION_REFUSED @ http://localhost:6006/@vite/client:1034
[128887627ms] [ERROR] WebSocket connection to 'ws://localhost:6006/' failed: Error in connection establishment: net::ERR_CONNECTION_REFUSED @ http://localhost:6006/@vite/client:1034
[128892026ms] [ERROR] WebSocket connection to 'ws://localhost:6006/' failed: Error in connection establishment: net::ERR_CONNECTION_REFUSED @ http://localhost:6006/@vite/client:1034
[128894696ms] [ERROR] WebSocket connection to 'ws://localhost:6006/' failed: Error in connection establishment: net::ERR_CONNECTION_REFUSED @ http://localhost:6006/@vite/client:1034
[128898601ms] [ERROR] WebSocket connection to 'ws://localhost:6006/' failed: Error in connection establishment: net::ERR_CONNECTION_REFUSED @ http://localhost:6006/@vite/client:1034
[128902087ms] [ERROR] WebSocket connection to 'ws://localhost:6006/' failed: Error in connection establishment: net::ERR_CONNECTION_REFUSED @ http://localhost:6006/@vite/client:1034
[128904947ms] [ERROR] WebSocket connection to 'ws://localhost:6006/' failed: Error in connection establishment: net::ERR_CONNECTION_REFUSED @ http://localhost:6006/@vite/client:1034
[128910095ms] [ERROR] WebSocket connection to 'ws://localhost:6006/' failed: Error in connection establishment: net::ERR_CONNECTION_REFUSED @ http://localhost:6006/@vite/client:1034
[128915318ms] [ERROR] WebSocket connection to 'ws://localhost:6006/' failed: Error in connection establishment: net::ERR_CONNECTION_REFUSED @ http://localhost:6006/@vite/client:1034
[128920085ms] [ERROR] WebSocket connection to 'ws://localhost:6006/' failed: Error in connection establishment: net::ERR_CONNECTION_REFUSED @ http://localhost:6006/@vite/client:1034
[128925704ms] [ERROR] WebSocket connection to 'ws://localhost:6006/' failed: Error in connection establishment: net::ERR_CONNECTION_REFUSED @ http://localhost:6006/@vite/client:1034
[128928938ms] [ERROR] WebSocket connection to 'ws://localhost:6006/' failed: Error in connection establishment: net::ERR_CONNECTION_REFUSED @ http://localhost:6006/@vite/client:1034
[128931629ms] [ERROR] WebSocket connection to 'ws://localhost:6006/' failed: Error in connection establishment: net::ERR_CONNECTION_REFUSED @ http://localhost:6006/@vite/client:1034
[128934235ms] [ERROR] WebSocket connection to 'ws://localhost:6006/' failed: Error in connection establishment: net::ERR_CONNECTION_REFUSED @ http://localhost:6006/@vite/client:1034
[128938536ms] [ERROR] WebSocket connection to 'ws://localhost:6006/' failed: Error in connection establishment: net::ERR_CONNECTION_REFUSED @ http://localhost:6006/@vite/client:1034
[128944426ms] [ERROR] WebSocket connection to 'ws://localhost:6006/' failed: Error in connection establishment: net::ERR_CONNECTION_REFUSED @ http://localhost:6006/@vite/client:1034
[128946850ms] [ERROR] WebSocket connection to 'ws://localhost:6006/' failed: Error in connection establishment: net::ERR_CONNECTION_REFUSED @ http://localhost:6006/@vite/client:1034
[128950925ms] [ERROR] WebSocket connection to 'ws://localhost:6006/' failed: Error in connection establishment: net::ERR_CONNECTION_REFUSED @ http://localhost:6006/@vite/client:1034
[128955951ms] [ERROR] WebSocket connection to 'ws://localhost:6006/' failed: Error in connection establishment: net::ERR_CONNECTION_REFUSED @ http://localhost:6006/@vite/client:1034
[128960237ms] [ERROR] WebSocket connection to 'ws://localhost:6006/' failed: Error in connection establishment: net::ERR_CONNECTION_REFUSED @ http://localhost:6006/@vite/client:1034
[128965587ms] [ERROR] WebSocket connection to 'ws://localhost:6006/' failed: Error in connection establishment: net::ERR_CONNECTION_REFUSED @ http://localhost:6006/@vite/client:1034
[128967847ms] [ERROR] WebSocket connection to 'ws://localhost:6006/' failed: Error in connection establishment: net::ERR_CONNECTION_REFUSED @ http://localhost:6006/@vite/client:1034
[128970206ms] [ERROR] WebSocket connection to 'ws://localhost:6006/' failed: Error in connection establishment: net::ERR_CONNECTION_REFUSED @ http://localhost:6006/@vite/client:1034
[128972959ms] [ERROR] WebSocket connection to 'ws://localhost:6006/' failed: Error in connection establishment: net::ERR_CONNECTION_REFUSED @ http://localhost:6006/@vite/client:1034
[128978346ms] [ERROR] WebSocket connection to 'ws://localhost:6006/' failed: Error in connection establishment: net::ERR_CONNECTION_REFUSED @ http://localhost:6006/@vite/client:1034
[128984513ms] [ERROR] WebSocket connection to 'ws://localhost:6006/' failed: Error in connection establishment: net::ERR_CONNECTION_REFUSED @ http://localhost:6006/@vite/client:1034
[128987110ms] [ERROR] WebSocket connection to 'ws://localhost:6006/' failed: Error in connection establishment: net::ERR_CONNECTION_REFUSED @ http://localhost:6006/@vite/client:1034
[128991733ms] [ERROR] WebSocket connection to 'ws://localhost:6006/' failed: Error in connection establishment: net::ERR_CONNECTION_REFUSED @ http://localhost:6006/@vite/client:1034
[128996650ms] [ERROR] WebSocket connection to 'ws://localhost:6006/' failed: Error in connection establishment: net::ERR_CONNECTION_REFUSED @ http://localhost:6006/@vite/client:1034
[128998726ms] [ERROR] WebSocket connection to 'ws://localhost:6006/' failed: Error in connection establishment: net::ERR_CONNECTION_REFUSED @ http://localhost:6006/@vite/client:1034
[129001754ms] [ERROR] WebSocket connection to 'ws://localhost:6006/' failed: Error in connection establishment: net::ERR_CONNECTION_REFUSED @ http://localhost:6006/@vite/client:1034
[129004347ms] [ERROR] WebSocket connection to 'ws://localhost:6006/' failed: Error in connection establishment: net::ERR_CONNECTION_REFUSED @ http://localhost:6006/@vite/client:1034
[129007368ms] [ERROR] WebSocket connection to 'ws://localhost:6006/' failed: Error in connection establishment: net::ERR_CONNECTION_REFUSED @ http://localhost:6006/@vite/client:1034
[129010216ms] [ERROR] WebSocket connection to 'ws://localhost:6006/' failed: Error in connection establishment: net::ERR_CONNECTION_REFUSED @ http://localhost:6006/@vite/client:1034
[129015253ms] [ERROR] WebSocket connection to 'ws://localhost:6006/' failed: Error in connection establishment: net::ERR_CONNECTION_REFUSED @ http://localhost:6006/@vite/client:1034
[129017373ms] [ERROR] WebSocket connection to 'ws://localhost:6006/' failed: Error in connection establishment: net::ERR_CONNECTION_REFUSED @ http://localhost:6006/@vite/client:1034
[129019635ms] [ERROR] WebSocket connection to 'ws://localhost:6006/' failed: Error in connection establishment: net::ERR_CONNECTION_REFUSED @ http://localhost:6006/@vite/client:1034
[129022310ms] [ERROR] WebSocket connection to 'ws://localhost:6006/' failed: Error in connection establishment: net::ERR_CONNECTION_REFUSED @ http://localhost:6006/@vite/client:1034
[129024613ms] [ERROR] WebSocket connection to 'ws://localhost:6006/' failed: Error in connection establishment: net::ERR_CONNECTION_REFUSED @ http://localhost:6006/@vite/client:1034
[129027952ms] [ERROR] WebSocket connection to 'ws://localhost:6006/' failed: Error in connection establishment: net::ERR_CONNECTION_REFUSED @ http://localhost:6006/@vite/client:1034
[129032845ms] [ERROR] WebSocket connection to 'ws://localhost:6006/' failed: Error in connection establishment: net::ERR_CONNECTION_REFUSED @ http://localhost:6006/@vite/client:1034
[129036444ms] [ERROR] WebSocket connection to 'ws://localhost:6006/' failed: Error in connection establishment: net::ERR_CONNECTION_REFUSED @ http://localhost:6006/@vite/client:1034
[129042155ms] [ERROR] WebSocket connection to 'ws://localhost:6006/' failed: Error in connection establishment: net::ERR_CONNECTION_REFUSED @ http://localhost:6006/@vite/client:1034
[129048021ms] [ERROR] WebSocket connection to 'ws://localhost:6006/' failed: Error in connection establishment: net::ERR_CONNECTION_REFUSED @ http://localhost:6006/@vite/client:1034
[129050631ms] [ERROR] WebSocket connection to 'ws://localhost:6006/' failed: Error in connection establishment: net::ERR_CONNECTION_REFUSED @ http://localhost:6006/@vite/client:1034
[129054900ms] [ERROR] WebSocket connection to 'ws://localhost:6006/' failed: Error in connection establishment: net::ERR_CONNECTION_REFUSED @ http://localhost:6006/@vite/client:1034
[129060522ms] [ERROR] WebSocket connection to 'ws://localhost:6006/' failed: Error in connection establishment: net::ERR_CONNECTION_REFUSED @ http://localhost:6006/@vite/client:1034
[129064379ms] [ERROR] WebSocket connection to 'ws://localhost:6006/' failed: Error in connection establishment: net::ERR_CONNECTION_REFUSED @ http://localhost:6006/@vite/client:1034
[129066471ms] [ERROR] WebSocket connection to 'ws://localhost:6006/' failed: Error in connection establishment: net::ERR_CONNECTION_REFUSED @ http://localhost:6006/@vite/client:1034
[129069204ms] [ERROR] WebSocket connection to 'ws://localhost:6006/' failed: Error in connection establishment: net::ERR_CONNECTION_REFUSED @ http://localhost:6006/@vite/client:1034
[129074543ms] [ERROR] WebSocket connection to 'ws://localhost:6006/' failed: Error in connection establishment: net::ERR_CONNECTION_REFUSED @ http://localhost:6006/@vite/client:1034
[129079687ms] [ERROR] WebSocket connection to 'ws://localhost:6006/' failed: Error in connection establishment: net::ERR_CONNECTION_REFUSED @ http://localhost:6006/@vite/client:1034
[129084368ms] [ERROR] WebSocket connection to 'ws://localhost:6006/' failed: Error in connection establishment: net::ERR_CONNECTION_REFUSED @ http://localhost:6006/@vite/client:1034
[129088704ms] [ERROR] WebSocket connection to 'ws://localhost:6006/' failed: Error in connection establishment: net::ERR_CONNECTION_REFUSED @ http://localhost:6006/@vite/client:1034
[129093893ms] [ERROR] WebSocket connection to 'ws://localhost:6006/' failed: Error in connection establishment: net::ERR_CONNECTION_REFUSED @ http://localhost:6006/@vite/client:1034
[129096283ms] [ERROR] WebSocket connection to 'ws://localhost:6006/' failed: Error in connection establishment: net::ERR_CONNECTION_REFUSED @ http://localhost:6006/@vite/client:1034
[129100025ms] [ERROR] WebSocket connection to 'ws://localhost:6006/' failed: Error in connection establishment: net::ERR_CONNECTION_REFUSED @ http://localhost:6006/@vite/client:1034
[129103449ms] [ERROR] WebSocket connection to 'ws://localhost:6006/' failed: Error in connection establishment: net::ERR_CONNECTION_REFUSED @ http://localhost:6006/@vite/client:1034
[129108003ms] [ERROR] WebSocket connection to 'ws://localhost:6006/' failed: Error in connection establishment: net::ERR_CONNECTION_REFUSED @ http://localhost:6006/@vite/client:1034
[129112696ms] [ERROR] WebSocket connection to 'ws://localhost:6006/' failed: Error in connection establishment: net::ERR_CONNECTION_REFUSED @ http://localhost:6006/@vite/client:1034
[129116460ms] [ERROR] WebSocket connection to 'ws://localhost:6006/' failed: Error in connection establishment: net::ERR_CONNECTION_REFUSED @ http://localhost:6006/@vite/client:1034
[129120267ms] [ERROR] WebSocket connection to 'ws://localhost:6006/' failed: Error in connection establishment: net::ERR_CONNECTION_REFUSED @ http://localhost:6006/@vite/client:1034
[129125850ms] [ERROR] WebSocket connection to 'ws://localhost:6006/' failed: Error in connection establishment: net::ERR_CONNECTION_REFUSED @ http://localhost:6006/@vite/client:1034
[129126871ms] [ERROR] WebSocket connection to 'ws://localhost:6006/' failed: Error in connection establishment: net::ERR_CONNECTION_REFUSED @ http://localhost:6006/@vite/client:1034
[129127884ms] [ERROR] WebSocket connection to 'ws://localhost:6006/' failed: Error in connection establishment: net::ERR_CONNECTION_REFUSED @ http://localhost:6006/@vite/client:1034
[129128887ms] [ERROR] WebSocket connection to 'ws://localhost:6006/' failed: Error in connection establishment: net::ERR_CONNECTION_REFUSED @ http://localhost:6006/@vite/client:1034
[129129929ms] [ERROR] WebSocket connection to 'ws://localhost:6006/' failed: Error in connection establishment: net::ERR_CONNECTION_REFUSED @ http://localhost:6006/@vite/client:1034
[129131182ms] [ERROR] WebSocket connection to 'ws://localhost:6006/' failed: Error in connection establishment: net::ERR_CONNECTION_REFUSED @ http://localhost:6006/@vite/client:1034
[129132282ms] [ERROR] WebSocket connection to 'ws://localhost:6006/' failed: Error in connection establishment: net::ERR_CONNECTION_REFUSED @ http://localhost:6006/@vite/client:1034
[129133415ms] [ERROR] WebSocket connection to 'ws://localhost:6006/' failed: Error in connection establishment: net::ERR_CONNECTION_REFUSED @ http://localhost:6006/@vite/client:1034
[129134437ms] [ERROR] WebSocket connection to 'ws://localhost:6006/' failed: Error in connection establishment: net::ERR_CONNECTION_REFUSED @ http://localhost:6006/@vite/client:1034
[129135515ms] [ERROR] WebSocket connection to 'ws://localhost:6006/' failed: Error in connection establishment: net::ERR_CONNECTION_REFUSED @ http://localhost:6006/@vite/client:1034
[129136565ms] [ERROR] WebSocket connection to 'ws://localhost:6006/' failed: Error in connection establishment: net::ERR_CONNECTION_REFUSED @ http://localhost:6006/@vite/client:1034
[129137746ms] [ERROR] WebSocket connection to 'ws://localhost:6006/' failed: Error in connection establishment: net::ERR_CONNECTION_REFUSED @ http://localhost:6006/@vite/client:1034
[129139145ms] [ERROR] WebSocket connection to 'ws://localhost:6006/' failed: Error in connection establishment: net::ERR_CONNECTION_REFUSED @ http://localhost:6006/@vite/client:1034
[129140731ms] [ERROR] WebSocket connection to 'ws://localhost:6006/' failed: Error in connection establishment: net::ERR_CONNECTION_REFUSED @ http://localhost:6006/@vite/client:1034
[129142054ms] [ERROR] WebSocket connection to 'ws://localhost:6006/' failed: Error in connection establishment: net::ERR_CONNECTION_REFUSED @ http://localhost:6006/@vite/client:1034
[129144212ms] [ERROR] WebSocket connection to 'ws://localhost:6006/' failed: Error in connection establishment: net::ERR_CONNECTION_REFUSED @ http://localhost:6006/@vite/client:1034
[129147370ms] [ERROR] WebSocket connection to 'ws://localhost:6006/' failed: Error in connection establishment: net::ERR_CONNECTION_REFUSED @ http://localhost:6006/@vite/client:1034
[129151765ms] [ERROR] WebSocket connection to 'ws://localhost:6006/' failed: Error in connection establishment: net::ERR_CONNECTION_REFUSED @ http://localhost:6006/@vite/client:1034
[129156325ms] [ERROR] WebSocket connection to 'ws://localhost:6006/' failed: Error in connection establishment: net::ERR_CONNECTION_REFUSED @ http://localhost:6006/@vite/client:1034
[129162442ms] [ERROR] WebSocket connection to 'ws://localhost:6006/' failed: Error in connection establishment: net::ERR_CONNECTION_REFUSED @ http://localhost:6006/@vite/client:1034
[129164850ms] [ERROR] WebSocket connection to 'ws://localhost:6006/' failed: Error in connection establishment: net::ERR_CONNECTION_REFUSED @ http://localhost:6006/@vite/client:1034
[129167695ms] [ERROR] WebSocket connection to 'ws://localhost:6006/' failed: Error in connection establishment: net::ERR_CONNECTION_REFUSED @ http://localhost:6006/@vite/client:1034
[129173033ms] [ERROR] WebSocket connection to 'ws://localhost:6006/' failed: Error in connection establishment: net::ERR_CONNECTION_REFUSED @ http://localhost:6006/@vite/client:1034
[129176159ms] [ERROR] WebSocket connection to 'ws://localhost:6006/' failed: Error in connection establishment: net::ERR_CONNECTION_REFUSED @ http://localhost:6006/@vite/client:1034
[129178250ms] [ERROR] WebSocket connection to 'ws://localhost:6006/' failed: Error in connection establishment: net::ERR_CONNECTION_REFUSED @ http://localhost:6006/@vite/client:1034
[129180737ms] [ERROR] WebSocket connection to 'ws://localhost:6006/' failed: Error in connection establishment: net::ERR_CONNECTION_REFUSED @ http://localhost:6006/@vite/client:1034
[129185813ms] [ERROR] WebSocket connection to 'ws://localhost:6006/' failed: Error in connection establishment: net::ERR_CONNECTION_REFUSED @ http://localhost:6006/@vite/client:1034
[129191451ms] [ERROR] WebSocket connection to 'ws://localhost:6006/' failed: Error in connection establishment: net::ERR_CONNECTION_REFUSED @ http://localhost:6006/@vite/client:1034
[129195254ms] [ERROR] WebSocket connection to 'ws://localhost:6006/' failed: Error in connection establishment: net::ERR_CONNECTION_REFUSED @ http://localhost:6006/@vite/client:1034
[129199714ms] [ERROR] WebSocket connection to 'ws://localhost:6006/' failed: Error in connection establishment: net::ERR_CONNECTION_REFUSED @ http://localhost:6006/@vite/client:1034
[129205578ms] [ERROR] WebSocket connection to 'ws://localhost:6006/' failed: Error in connection establishment: net::ERR_CONNECTION_REFUSED @ http://localhost:6006/@vite/client:1034
[129210520ms] [ERROR] WebSocket connection to 'ws://localhost:6006/' failed: Error in connection establishment: net::ERR_CONNECTION_REFUSED @ http://localhost:6006/@vite/client:1034
[129214804ms] [ERROR] WebSocket connection to 'ws://localhost:6006/' failed: Error in connection establishment: net::ERR_CONNECTION_REFUSED @ http://localhost:6006/@vite/client:1034
[129217671ms] [ERROR] WebSocket connection to 'ws://localhost:6006/' failed: Error in connection establishment: net::ERR_CONNECTION_REFUSED @ http://localhost:6006/@vite/client:1034
[129222813ms] [ERROR] WebSocket connection to 'ws://localhost:6006/' failed: Error in connection establishment: net::ERR_CONNECTION_REFUSED @ http://localhost:6006/@vite/client:1034
[129225603ms] [ERROR] WebSocket connection to 'ws://localhost:6006/' failed: Error in connection establishment: net::ERR_CONNECTION_REFUSED @ http://localhost:6006/@vite/client:1034
[129229566ms] [ERROR] WebSocket connection to 'ws://localhost:6006/' failed: Error in connection establishment: net::ERR_CONNECTION_REFUSED @ http://localhost:6006/@vite/client:1034
[129234392ms] [ERROR] WebSocket connection to 'ws://localhost:6006/' failed: Error in connection establishment: net::ERR_CONNECTION_REFUSED @ http://localhost:6006/@vite/client:1034
[129239191ms] [ERROR] WebSocket connection to 'ws://localhost:6006/' failed: Error in connection establishment: net::ERR_CONNECTION_REFUSED @ http://localhost:6006/@vite/client:1034
[129244983ms] [ERROR] WebSocket connection to 'ws://localhost:6006/' failed: Error in connection establishment: net::ERR_CONNECTION_REFUSED @ http://localhost:6006/@vite/client:1034
[129248628ms] [ERROR] WebSocket connection to 'ws://localhost:6006/' failed: Error in connection establishment: net::ERR_CONNECTION_REFUSED @ http://localhost:6006/@vite/client:1034
[129253893ms] [ERROR] WebSocket connection to 'ws://localhost:6006/' failed: Error in connection establishment: net::ERR_CONNECTION_REFUSED @ http://localhost:6006/@vite/client:1034
[129258908ms] [ERROR] WebSocket connection to 'ws://localhost:6006/' failed: Error in connection establishment: net::ERR_CONNECTION_REFUSED @ http://localhost:6006/@vite/client:1034
[129264774ms] [ERROR] WebSocket connection to 'ws://localhost:6006/' failed: Error in connection establishment: net::ERR_CONNECTION_REFUSED @ http://localhost:6006/@vite/client:1034
[129267052ms] [ERROR] WebSocket connection to 'ws://localhost:6006/' failed: Error in connection establishment: net::ERR_CONNECTION_REFUSED @ http://localhost:6006/@vite/client:1034
[129270750ms] [ERROR] WebSocket connection to 'ws://localhost:6006/' failed: Error in connection establishment: net::ERR_CONNECTION_REFUSED @ http://localhost:6006/@vite/client:1034
[129273497ms] [ERROR] WebSocket connection to 'ws://localhost:6006/' failed: Error in connection establishment: net::ERR_CONNECTION_REFUSED @ http://localhost:6006/@vite/client:1034
[129275573ms] [ERROR] WebSocket connection to 'ws://localhost:6006/' failed: Error in connection establishment: net::ERR_CONNECTION_REFUSED @ http://localhost:6006/@vite/client:1034
[129278108ms] [ERROR] WebSocket connection to 'ws://localhost:6006/' failed: Error in connection establishment: net::ERR_CONNECTION_REFUSED @ http://localhost:6006/@vite/client:1034
[129281691ms] [ERROR] WebSocket connection to 'ws://localhost:6006/' failed: Error in connection establishment: net::ERR_CONNECTION_REFUSED @ http://localhost:6006/@vite/client:1034
[129287270ms] [ERROR] WebSocket connection to 'ws://localhost:6006/' failed: Error in connection establishment: net::ERR_CONNECTION_REFUSED @ http://localhost:6006/@vite/client:1034
[129290249ms] [ERROR] WebSocket connection to 'ws://localhost:6006/' failed: Error in connection establishment: net::ERR_CONNECTION_REFUSED @ http://localhost:6006/@vite/client:1034
[129293094ms] [ERROR] WebSocket connection to 'ws://localhost:6006/' failed: Error in connection establishment: net::ERR_CONNECTION_REFUSED @ http://localhost:6006/@vite/client:1034
[129295629ms] [ERROR] WebSocket connection to 'ws://localhost:6006/' failed: Error in connection establishment: net::ERR_CONNECTION_REFUSED @ http://localhost:6006/@vite/client:1034
[129299400ms] [ERROR] WebSocket connection to 'ws://localhost:6006/' failed: Error in connection establishment: net::ERR_CONNECTION_REFUSED @ http://localhost:6006/@vite/client:1034
[129305338ms] [ERROR] WebSocket connection to 'ws://localhost:6006/' failed: Error in connection establishment: net::ERR_CONNECTION_REFUSED @ http://localhost:6006/@vite/client:1034
[129310342ms] [ERROR] WebSocket connection to 'ws://localhost:6006/' failed: Error in connection establishment: net::ERR_CONNECTION_REFUSED @ http://localhost:6006/@vite/client:1034
[129313744ms] [ERROR] WebSocket connection to 'ws://localhost:6006/' failed: Error in connection establishment: net::ERR_CONNECTION_REFUSED @ http://localhost:6006/@vite/client:1034
[129315830ms] [ERROR] WebSocket connection to 'ws://localhost:6006/' failed: Error in connection establishment: net::ERR_CONNECTION_REFUSED @ http://localhost:6006/@vite/client:1034
[129319260ms] [ERROR] WebSocket connection to 'ws://localhost:6006/' failed: Error in connection establishment: net::ERR_CONNECTION_REFUSED @ http://localhost:6006/@vite/client:1034
[129325092ms] [ERROR] WebSocket connection to 'ws://localhost:6006/' failed: Error in connection establishment: net::ERR_CONNECTION_REFUSED @ http://localhost:6006/@vite/client:1034
[129328388ms] [ERROR] WebSocket connection to 'ws://localhost:6006/' failed: Error in connection establishment: net::ERR_CONNECTION_REFUSED @ http://localhost:6006/@vite/client:1034
[129331421ms] [ERROR] WebSocket connection to 'ws://localhost:6006/' failed: Error in connection establishment: net::ERR_CONNECTION_REFUSED @ http://localhost:6006/@vite/client:1034
[129335703ms] [ERROR] WebSocket connection to 'ws://localhost:6006/' failed: Error in connection establishment: net::ERR_CONNECTION_REFUSED @ http://localhost:6006/@vite/client:1034
[129338031ms] [ERROR] WebSocket connection to 'ws://localhost:6006/' failed: Error in connection establishment: net::ERR_CONNECTION_REFUSED @ http://localhost:6006/@vite/client:1034
[129341292ms] [ERROR] WebSocket connection to 'ws://localhost:6006/' failed: Error in connection establishment: net::ERR_CONNECTION_REFUSED @ http://localhost:6006/@vite/client:1034
[129344851ms] [ERROR] WebSocket connection to 'ws://localhost:6006/' failed: Error in connection establishment: net::ERR_CONNECTION_REFUSED @ http://localhost:6006/@vite/client:1034
[129347942ms] [ERROR] WebSocket connection to 'ws://localhost:6006/' failed: Error in connection establishment: net::ERR_CONNECTION_REFUSED @ http://localhost:6006/@vite/client:1034
[129352655ms] [ERROR] WebSocket connection to 'ws://localhost:6006/' failed: Error in connection establishment: net::ERR_CONNECTION_REFUSED @ http://localhost:6006/@vite/client:1034
[129357138ms] [ERROR] WebSocket connection to 'ws://localhost:6006/' failed: Error in connection establishment: net::ERR_CONNECTION_REFUSED @ http://localhost:6006/@vite/client:1034
[129360780ms] [ERROR] WebSocket connection to 'ws://localhost:6006/' failed: Error in connection establishment: net::ERR_CONNECTION_REFUSED @ http://localhost:6006/@vite/client:1034
[129364536ms] [ERROR] WebSocket connection to 'ws://localhost:6006/' failed: Error in connection establishment: net::ERR_CONNECTION_REFUSED @ http://localhost:6006/@vite/client:1034
[129368708ms] [ERROR] WebSocket connection to 'ws://localhost:6006/' failed: Error in connection establishment: net::ERR_CONNECTION_REFUSED @ http://localhost:6006/@vite/client:1034
[129374718ms] [ERROR] WebSocket connection to 'ws://localhost:6006/' failed: Error in connection establishment: net::ERR_CONNECTION_REFUSED @ http://localhost:6006/@vite/client:1034
[129380176ms] [ERROR] WebSocket connection to 'ws://localhost:6006/' failed: Error in connection establishment: net::ERR_CONNECTION_REFUSED @ http://localhost:6006/@vite/client:1034
[129385259ms] [ERROR] WebSocket connection to 'ws://localhost:6006/' failed: Error in connection establishment: net::ERR_CONNECTION_REFUSED @ http://localhost:6006/@vite/client:1034
[129388318ms] [ERROR] WebSocket connection to 'ws://localhost:6006/' failed: Error in connection establishment: net::ERR_CONNECTION_REFUSED @ http://localhost:6006/@vite/client:1034
[129393234ms] [ERROR] WebSocket connection to 'ws://localhost:6006/' failed: Error in connection establishment: net::ERR_CONNECTION_REFUSED @ http://localhost:6006/@vite/client:1034
[129395270ms] [ERROR] WebSocket connection to 'ws://localhost:6006/' failed: Error in connection establishment: net::ERR_CONNECTION_REFUSED @ http://localhost:6006/@vite/client:1034
[129399672ms] [ERROR] WebSocket connection to 'ws://localhost:6006/' failed: Error in connection establishment: net::ERR_CONNECTION_REFUSED @ http://localhost:6006/@vite/client:1034
[129404948ms] [ERROR] WebSocket connection to 'ws://localhost:6006/' failed: Error in connection establishment: net::ERR_CONNECTION_REFUSED @ http://localhost:6006/@vite/client:1034
[129410922ms] [ERROR] WebSocket connection to 'ws://localhost:6006/' failed: Error in connection establishment: net::ERR_CONNECTION_REFUSED @ http://localhost:6006/@vite/client:1034
[129416731ms] [ERROR] WebSocket connection to 'ws://localhost:6006/' failed: Error in connection establishment: net::ERR_CONNECTION_REFUSED @ http://localhost:6006/@vite/client:1034
[129421538ms] [ERROR] WebSocket connection to 'ws://localhost:6006/' failed: Error in connection establishment: net::ERR_CONNECTION_REFUSED @ http://localhost:6006/@vite/client:1034
[129427539ms] [ERROR] WebSocket connection to 'ws://localhost:6006/' failed: Error in connection establishment: net::ERR_CONNECTION_REFUSED @ http://localhost:6006/@vite/client:1034
[129431713ms] [ERROR] WebSocket connection to 'ws://localhost:6006/' failed: Error in connection establishment: net::ERR_CONNECTION_REFUSED @ http://localhost:6006/@vite/client:1034
[129435396ms] [ERROR] WebSocket connection to 'ws://localhost:6006/' failed: Error in connection establishment: net::ERR_CONNECTION_REFUSED @ http://localhost:6006/@vite/client:1034
[129438156ms] [ERROR] WebSocket connection to 'ws://localhost:6006/' failed: Error in connection establishment: net::ERR_CONNECTION_REFUSED @ http://localhost:6006/@vite/client:1034
[129442405ms] [ERROR] WebSocket connection to 'ws://localhost:6006/' failed: Error in connection establishment: net::ERR_CONNECTION_REFUSED @ http://localhost:6006/@vite/client:1034
[129446134ms] [ERROR] WebSocket connection to 'ws://localhost:6006/' failed: Error in connection establishment: net::ERR_CONNECTION_REFUSED @ http://localhost:6006/@vite/client:1034
[129448450ms] [ERROR] WebSocket connection to 'ws://localhost:6006/' failed: Error in connection establishment: net::ERR_CONNECTION_REFUSED @ http://localhost:6006/@vite/client:1034
[129452526ms] [ERROR] WebSocket connection to 'ws://localhost:6006/' failed: Error in connection establishment: net::ERR_CONNECTION_REFUSED @ http://localhost:6006/@vite/client:1034
[129454590ms] [ERROR] WebSocket connection to 'ws://localhost:6006/' failed: Error in connection establishment: net::ERR_CONNECTION_REFUSED @ http://localhost:6006/@vite/client:1034
[129460299ms] [ERROR] WebSocket connection to 'ws://localhost:6006/' failed: Error in connection establishment: net::ERR_CONNECTION_REFUSED @ http://localhost:6006/@vite/client:1034
[129464502ms] [ERROR] WebSocket connection to 'ws://localhost:6006/' failed: Error in connection establishment: net::ERR_CONNECTION_REFUSED @ http://localhost:6006/@vite/client:1034
[129470529ms] [ERROR] WebSocket connection to 'ws://localhost:6006/' failed: Error in connection establishment: net::ERR_CONNECTION_REFUSED @ http://localhost:6006/@vite/client:1034
[129476378ms] [ERROR] WebSocket connection to 'ws://localhost:6006/' failed: Error in connection establishment: net::ERR_CONNECTION_REFUSED @ http://localhost:6006/@vite/client:1034
[129479234ms] [ERROR] WebSocket connection to 'ws://localhost:6006/' failed: Error in connection establishment: net::ERR_CONNECTION_REFUSED @ http://localhost:6006/@vite/client:1034
[129481371ms] [ERROR] WebSocket connection to 'ws://localhost:6006/' failed: Error in connection establishment: net::ERR_CONNECTION_REFUSED @ http://localhost:6006/@vite/client:1034
[129484590ms] [ERROR] WebSocket connection to 'ws://localhost:6006/' failed: Error in connection establishment: net::ERR_CONNECTION_REFUSED @ http://localhost:6006/@vite/client:1034
[129487059ms] [ERROR] WebSocket connection to 'ws://localhost:6006/' failed: Error in connection establishment: net::ERR_CONNECTION_REFUSED @ http://localhost:6006/@vite/client:1034
[129492078ms] [ERROR] WebSocket connection to 'ws://localhost:6006/' failed: Error in connection establishment: net::ERR_CONNECTION_REFUSED @ http://localhost:6006/@vite/client:1034
[129494204ms] [ERROR] WebSocket connection to 'ws://localhost:6006/' failed: Error in connection establishment: net::ERR_CONNECTION_REFUSED @ http://localhost:6006/@vite/client:1034
[129499938ms] [ERROR] WebSocket connection to 'ws://localhost:6006/' failed: Error in connection establishment: net::ERR_CONNECTION_REFUSED @ http://localhost:6006/@vite/client:1034
[129505164ms] [ERROR] WebSocket connection to 'ws://localhost:6006/' failed: Error in connection establishment: net::ERR_CONNECTION_REFUSED @ http://localhost:6006/@vite/client:1034
[129508730ms] [ERROR] WebSocket connection to 'ws://localhost:6006/' failed: Error in connection establishment: net::ERR_CONNECTION_REFUSED @ http://localhost:6006/@vite/client:1034
[129511698ms] [ERROR] WebSocket connection to 'ws://localhost:6006/' failed: Error in connection establishment: net::ERR_CONNECTION_REFUSED @ http://localhost:6006/@vite/client:1034
[129516917ms] [ERROR] WebSocket connection to 'ws://localhost:6006/' failed: Error in connection establishment: net::ERR_CONNECTION_REFUSED @ http://localhost:6006/@vite/client:1034
[129519654ms] [ERROR] WebSocket connection to 'ws://localhost:6006/' failed: Error in connection establishment: net::ERR_CONNECTION_REFUSED @ http://localhost:6006/@vite/client:1034
[129522975ms] [ERROR] WebSocket connection to 'ws://localhost:6006/' failed: Error in connection establishment: net::ERR_CONNECTION_REFUSED @ http://localhost:6006/@vite/client:1034
[129525884ms] [ERROR] WebSocket connection to 'ws://localhost:6006/' failed: Error in connection establishment: net::ERR_CONNECTION_REFUSED @ http://localhost:6006/@vite/client:1034
[129529436ms] [ERROR] WebSocket connection to 'ws://localhost:6006/' failed: Error in connection establishment: net::ERR_CONNECTION_REFUSED @ http://localhost:6006/@vite/client:1034
[129532320ms] [ERROR] WebSocket connection to 'ws://localhost:6006/' failed: Error in connection establishment: net::ERR_CONNECTION_REFUSED @ http://localhost:6006/@vite/client:1034
[129535812ms] [ERROR] WebSocket connection to 'ws://localhost:6006/' failed: Error in connection establishment: net::ERR_CONNECTION_REFUSED @ http://localhost:6006/@vite/client:1034
[129541640ms] [ERROR] WebSocket connection to 'ws://localhost:6006/' failed: Error in connection establishment: net::ERR_CONNECTION_REFUSED @ http://localhost:6006/@vite/client:1034
[129545434ms] [ERROR] WebSocket connection to 'ws://localhost:6006/' failed: Error in connection establishment: net::ERR_CONNECTION_REFUSED @ http://localhost:6006/@vite/client:1034
[129551300ms] [ERROR] WebSocket connection to 'ws://localhost:6006/' failed: Error in connection establishment: net::ERR_CONNECTION_REFUSED @ http://localhost:6006/@vite/client:1034
[129554234ms] [ERROR] WebSocket connection to 'ws://localhost:6006/' failed: Error in connection establishment: net::ERR_CONNECTION_REFUSED @ http://localhost:6006/@vite/client:1034
[129559468ms] [ERROR] WebSocket connection to 'ws://localhost:6006/' failed: Error in connection establishment: net::ERR_CONNECTION_REFUSED @ http://localhost:6006/@vite/client:1034
[129562521ms] [ERROR] WebSocket connection to 'ws://localhost:6006/' failed: Error in connection establishment: net::ERR_CONNECTION_REFUSED @ http://localhost:6006/@vite/client:1034
[129564960ms] [ERROR] WebSocket connection to 'ws://localhost:6006/' failed: Error in connection establishment: net::ERR_CONNECTION_REFUSED @ http://localhost:6006/@vite/client:1034
[129570661ms] [ERROR] WebSocket connection to 'ws://localhost:6006/' failed: Error in connection establishment: net::ERR_CONNECTION_REFUSED @ http://localhost:6006/@vite/client:1034
[129575313ms] [ERROR] WebSocket connection to 'ws://localhost:6006/' failed: Error in connection establishment: net::ERR_CONNECTION_REFUSED @ http://localhost:6006/@vite/client:1034
[129578059ms] [ERROR] WebSocket connection to 'ws://localhost:6006/' failed: Error in connection establishment: net::ERR_CONNECTION_REFUSED @ http://localhost:6006/@vite/client:1034
[129580363ms] [ERROR] WebSocket connection to 'ws://localhost:6006/' failed: Error in connection establishment: net::ERR_CONNECTION_REFUSED @ http://localhost:6006/@vite/client:1034
[129585259ms] [ERROR] WebSocket connection to 'ws://localhost:6006/' failed: Error in connection establishment: net::ERR_CONNECTION_REFUSED @ http://localhost:6006/@vite/client:1034
[129590659ms] [ERROR] WebSocket connection to 'ws://localhost:6006/' failed: Error in connection establishment: net::ERR_CONNECTION_REFUSED @ http://localhost:6006/@vite/client:1034
[129593873ms] [ERROR] WebSocket connection to 'ws://localhost:6006/' failed: Error in connection establishment: net::ERR_CONNECTION_REFUSED @ http://localhost:6006/@vite/client:1034
[129598228ms] [ERROR] WebSocket connection to 'ws://localhost:6006/' failed: Error in connection establishment: net::ERR_CONNECTION_REFUSED @ http://localhost:6006/@vite/client:1034
[129600589ms] [ERROR] WebSocket connection to 'ws://localhost:6006/' failed: Error in connection establishment: net::ERR_CONNECTION_REFUSED @ http://localhost:6006/@vite/client:1034
[129605610ms] [ERROR] WebSocket connection to 'ws://localhost:6006/' failed: Error in connection establishment: net::ERR_CONNECTION_REFUSED @ http://localhost:6006/@vite/client:1034
[129610952ms] [ERROR] WebSocket connection to 'ws://localhost:6006/' failed: Error in connection establishment: net::ERR_CONNECTION_REFUSED @ http://localhost:6006/@vite/client:1034
[129614867ms] [ERROR] WebSocket connection to 'ws://localhost:6006/' failed: Error in connection establishment: net::ERR_CONNECTION_REFUSED @ http://localhost:6006/@vite/client:1034
[129620020ms] [ERROR] WebSocket connection to 'ws://localhost:6006/' failed: Error in connection establishment: net::ERR_CONNECTION_REFUSED @ http://localhost:6006/@vite/client:1034
[129623049ms] [ERROR] WebSocket connection to 'ws://localhost:6006/' failed: Error in connection establishment: net::ERR_CONNECTION_REFUSED @ http://localhost:6006/@vite/client:1034
[129627538ms] [ERROR] WebSocket connection to 'ws://localhost:6006/' failed: Error in connection establishment: net::ERR_CONNECTION_REFUSED @ http://localhost:6006/@vite/client:1034
[129630471ms] [ERROR] WebSocket connection to 'ws://localhost:6006/' failed: Error in connection establishment: net::ERR_CONNECTION_REFUSED @ http://localhost:6006/@vite/client:1034
[129634405ms] [ERROR] WebSocket connection to 'ws://localhost:6006/' failed: Error in connection establishment: net::ERR_CONNECTION_REFUSED @ http://localhost:6006/@vite/client:1034
[129637210ms] [ERROR] WebSocket connection to 'ws://localhost:6006/' failed: Error in connection establishment: net::ERR_CONNECTION_REFUSED @ http://localhost:6006/@vite/client:1034
[129642076ms] [ERROR] WebSocket connection to 'ws://localhost:6006/' failed: Error in connection establishment: net::ERR_CONNECTION_REFUSED @ http://localhost:6006/@vite/client:1034
[129644588ms] [ERROR] WebSocket connection to 'ws://localhost:6006/' failed: Error in connection establishment: net::ERR_CONNECTION_REFUSED @ http://localhost:6006/@vite/client:1034
[129649964ms] [ERROR] WebSocket connection to 'ws://localhost:6006/' failed: Error in connection establishment: net::ERR_CONNECTION_REFUSED @ http://localhost:6006/@vite/client:1034
[129652548ms] [ERROR] WebSocket connection to 'ws://localhost:6006/' failed: Error in connection establishment: net::ERR_CONNECTION_REFUSED @ http://localhost:6006/@vite/client:1034
[129657040ms] [ERROR] WebSocket connection to 'ws://localhost:6006/' failed: Error in connection establishment: net::ERR_CONNECTION_REFUSED @ http://localhost:6006/@vite/client:1034
[129659234ms] [ERROR] WebSocket connection to 'ws://localhost:6006/' failed: Error in connection establishment: net::ERR_CONNECTION_REFUSED @ http://localhost:6006/@vite/client:1034
[129663442ms] [ERROR] WebSocket connection to 'ws://localhost:6006/' failed: Error in connection establishment: net::ERR_CONNECTION_REFUSED @ http://localhost:6006/@vite/client:1034
[129666188ms] [ERROR] WebSocket connection to 'ws://localhost:6006/' failed: Error in connection establishment: net::ERR_CONNECTION_REFUSED @ http://localhost:6006/@vite/client:1034
[129668696ms] [ERROR] WebSocket connection to 'ws://localhost:6006/' failed: Error in connection establishment: net::ERR_CONNECTION_REFUSED @ http://localhost:6006/@vite/client:1034
[129673157ms] [ERROR] WebSocket connection to 'ws://localhost:6006/' failed: Error in connection establishment: net::ERR_CONNECTION_REFUSED @ http://localhost:6006/@vite/client:1034
[129677254ms] [ERROR] WebSocket connection to 'ws://localhost:6006/' failed: Error in connection establishment: net::ERR_CONNECTION_REFUSED @ http://localhost:6006/@vite/client:1034
[129681113ms] [ERROR] WebSocket connection to 'ws://localhost:6006/' failed: Error in connection establishment: net::ERR_CONNECTION_REFUSED @ http://localhost:6006/@vite/client:1034
[129683979ms] [ERROR] WebSocket connection to 'ws://localhost:6006/' failed: Error in connection establishment: net::ERR_CONNECTION_REFUSED @ http://localhost:6006/@vite/client:1034
[129687646ms] [ERROR] WebSocket connection to 'ws://localhost:6006/' failed: Error in connection establishment: net::ERR_CONNECTION_REFUSED @ http://localhost:6006/@vite/client:1034
[129692705ms] [ERROR] WebSocket connection to 'ws://localhost:6006/' failed: Error in connection establishment: net::ERR_CONNECTION_REFUSED @ http://localhost:6006/@vite/client:1034
[129697494ms] [ERROR] WebSocket connection to 'ws://localhost:6006/' failed: Error in connection establishment: net::ERR_CONNECTION_REFUSED @ http://localhost:6006/@vite/client:1034
[129702212ms] [ERROR] WebSocket connection to 'ws://localhost:6006/' failed: Error in connection establishment: net::ERR_CONNECTION_REFUSED @ http://localhost:6006/@vite/client:1034
[129707009ms] [ERROR] WebSocket connection to 'ws://localhost:6006/' failed: Error in connection establishment: net::ERR_CONNECTION_REFUSED @ http://localhost:6006/@vite/client:1034
[129709109ms] [ERROR] WebSocket connection to 'ws://localhost:6006/' failed: Error in connection establishment: net::ERR_CONNECTION_REFUSED @ http://localhost:6006/@vite/client:1034
[129712760ms] [ERROR] WebSocket connection to 'ws://localhost:6006/' failed: Error in connection establishment: net::ERR_CONNECTION_REFUSED @ http://localhost:6006/@vite/client:1034
[129718400ms] [ERROR] WebSocket connection to 'ws://localhost:6006/' failed: Error in connection establishment: net::ERR_CONNECTION_REFUSED @ http://localhost:6006/@vite/client:1034
[129721082ms] [ERROR] WebSocket connection to 'ws://localhost:6006/' failed: Error in connection establishment: net::ERR_CONNECTION_REFUSED @ http://localhost:6006/@vite/client:1034
[129723200ms] [ERROR] WebSocket connection to 'ws://localhost:6006/' failed: Error in connection establishment: net::ERR_CONNECTION_REFUSED @ http://localhost:6006/@vite/client:1034
[129729225ms] [ERROR] WebSocket connection to 'ws://localhost:6006/' failed: Error in connection establishment: net::ERR_CONNECTION_REFUSED @ http://localhost:6006/@vite/client:1034
[129733775ms] [ERROR] WebSocket connection to 'ws://localhost:6006/' failed: Error in connection establishment: net::ERR_CONNECTION_REFUSED @ http://localhost:6006/@vite/client:1034
[129738463ms] [ERROR] WebSocket connection to 'ws://localhost:6006/' failed: Error in connection establishment: net::ERR_CONNECTION_REFUSED @ http://localhost:6006/@vite/client:1034
[129744216ms] [ERROR] WebSocket connection to 'ws://localhost:6006/' failed: Error in connection establishment: net::ERR_CONNECTION_REFUSED @ http://localhost:6006/@vite/client:1034
[129749238ms] [ERROR] WebSocket connection to 'ws://localhost:6006/' failed: Error in connection establishment: net::ERR_CONNECTION_REFUSED @ http://localhost:6006/@vite/client:1034
[129753060ms] [ERROR] WebSocket connection to 'ws://localhost:6006/' failed: Error in connection establishment: net::ERR_CONNECTION_REFUSED @ http://localhost:6006/@vite/client:1034
[129759085ms] [ERROR] WebSocket connection to 'ws://localhost:6006/' failed: Error in connection establishment: net::ERR_CONNECTION_REFUSED @ http://localhost:6006/@vite/client:1034
[129762631ms] [ERROR] WebSocket connection to 'ws://localhost:6006/' failed: Error in connection establishment: net::ERR_CONNECTION_REFUSED @ http://localhost:6006/@vite/client:1034
[129766532ms] [ERROR] WebSocket connection to 'ws://localhost:6006/' failed: Error in connection establishment: net::ERR_CONNECTION_REFUSED @ http://localhost:6006/@vite/client:1034
[129771195ms] [ERROR] WebSocket connection to 'ws://localhost:6006/' failed: Error in connection establishment: net::ERR_CONNECTION_REFUSED @ http://localhost:6006/@vite/client:1034
[129775544ms] [ERROR] WebSocket connection to 'ws://localhost:6006/' failed: Error in connection establishment: net::ERR_CONNECTION_REFUSED @ http://localhost:6006/@vite/client:1034
[129780675ms] [ERROR] WebSocket connection to 'ws://localhost:6006/' failed: Error in connection establishment: net::ERR_CONNECTION_REFUSED @ http://localhost:6006/@vite/client:1034
[129782899ms] [ERROR] WebSocket connection to 'ws://localhost:6006/' failed: Error in connection establishment: net::ERR_CONNECTION_REFUSED @ http://localhost:6006/@vite/client:1034
[129787578ms] [ERROR] WebSocket connection to 'ws://localhost:6006/' failed: Error in connection establishment: net::ERR_CONNECTION_REFUSED @ http://localhost:6006/@vite/client:1034
[129790775ms] [ERROR] WebSocket connection to 'ws://localhost:6006/' failed: Error in connection establishment: net::ERR_CONNECTION_REFUSED @ http://localhost:6006/@vite/client:1034
[129792942ms] [ERROR] WebSocket connection to 'ws://localhost:6006/' failed: Error in connection establishment: net::ERR_CONNECTION_REFUSED @ http://localhost:6006/@vite/client:1034
[129795609ms] [ERROR] WebSocket connection to 'ws://localhost:6006/' failed: Error in connection establishment: net::ERR_CONNECTION_REFUSED @ http://localhost:6006/@vite/client:1034
[129798650ms] [ERROR] WebSocket connection to 'ws://localhost:6006/' failed: Error in connection establishment: net::ERR_CONNECTION_REFUSED @ http://localhost:6006/@vite/client:1034
[129801183ms] [ERROR] WebSocket connection to 'ws://localhost:6006/' failed: Error in connection establishment: net::ERR_CONNECTION_REFUSED @ http://localhost:6006/@vite/client:1034
[129805438ms] [ERROR] WebSocket connection to 'ws://localhost:6006/' failed: Error in connection establishment: net::ERR_CONNECTION_REFUSED @ http://localhost:6006/@vite/client:1034
[129809790ms] [ERROR] WebSocket connection to 'ws://localhost:6006/' failed: Error in connection establishment: net::ERR_CONNECTION_REFUSED @ http://localhost:6006/@vite/client:1034
[129813654ms] [ERROR] WebSocket connection to 'ws://localhost:6006/' failed: Error in connection establishment: net::ERR_CONNECTION_REFUSED @ http://localhost:6006/@vite/client:1034
[129818237ms] [ERROR] WebSocket connection to 'ws://localhost:6006/' failed: Error in connection establishment: net::ERR_CONNECTION_REFUSED @ http://localhost:6006/@vite/client:1034
[129824221ms] [ERROR] WebSocket connection to 'ws://localhost:6006/' failed: Error in connection establishment: net::ERR_CONNECTION_REFUSED @ http://localhost:6006/@vite/client:1034
[129826681ms] [ERROR] WebSocket connection to 'ws://localhost:6006/' failed: Error in connection establishment: net::ERR_CONNECTION_REFUSED @ http://localhost:6006/@vite/client:1034
[129832554ms] [ERROR] WebSocket connection to 'ws://localhost:6006/' failed: Error in connection establishment: net::ERR_CONNECTION_REFUSED @ http://localhost:6006/@vite/client:1034
[129836261ms] [ERROR] WebSocket connection to 'ws://localhost:6006/' failed: Error in connection establishment: net::ERR_CONNECTION_REFUSED @ http://localhost:6006/@vite/client:1034
[129839865ms] [ERROR] WebSocket connection to 'ws://localhost:6006/' failed: Error in connection establishment: net::ERR_CONNECTION_REFUSED @ http://localhost:6006/@vite/client:1034
[129842704ms] [ERROR] WebSocket connection to 'ws://localhost:6006/' failed: Error in connection establishment: net::ERR_CONNECTION_REFUSED @ http://localhost:6006/@vite/client:1034
[129845509ms] [ERROR] WebSocket connection to 'ws://localhost:6006/' failed: Error in connection establishment: net::ERR_CONNECTION_REFUSED @ http://localhost:6006/@vite/client:1034
[129848767ms] [ERROR] WebSocket connection to 'ws://localhost:6006/' failed: Error in connection establishment: net::ERR_CONNECTION_REFUSED @ http://localhost:6006/@vite/client:1034
[129854277ms] [ERROR] WebSocket connection to 'ws://localhost:6006/' failed: Error in connection establishment: net::ERR_CONNECTION_REFUSED @ http://localhost:6006/@vite/client:1034
[129858476ms] [ERROR] WebSocket connection to 'ws://localhost:6006/' failed: Error in connection establishment: net::ERR_CONNECTION_REFUSED @ http://localhost:6006/@vite/client:1034
[129861672ms] [ERROR] WebSocket connection to 'ws://localhost:6006/' failed: Error in connection establishment: net::ERR_CONNECTION_REFUSED @ http://localhost:6006/@vite/client:1034
[129863764ms] [ERROR] WebSocket connection to 'ws://localhost:6006/' failed: Error in connection establishment: net::ERR_CONNECTION_REFUSED @ http://localhost:6006/@vite/client:1034
[129869317ms] [ERROR] WebSocket connection to 'ws://localhost:6006/' failed: Error in connection establishment: net::ERR_CONNECTION_REFUSED @ http://localhost:6006/@vite/client:1034
[129874074ms] [ERROR] WebSocket connection to 'ws://localhost:6006/' failed: Error in connection establishment: net::ERR_CONNECTION_REFUSED @ http://localhost:6006/@vite/client:1034
[129878693ms] [ERROR] WebSocket connection to 'ws://localhost:6006/' failed: Error in connection establishment: net::ERR_CONNECTION_REFUSED @ http://localhost:6006/@vite/client:1034
[129883970ms] [ERROR] WebSocket connection to 'ws://localhost:6006/' failed: Error in connection establishment: net::ERR_CONNECTION_REFUSED @ http://localhost:6006/@vite/client:1034
[129888493ms] [ERROR] WebSocket connection to 'ws://localhost:6006/' failed: Error in connection establishment: net::ERR_CONNECTION_REFUSED @ http://localhost:6006/@vite/client:1034
[129891258ms] [ERROR] WebSocket connection to 'ws://localhost:6006/' failed: Error in connection establishment: net::ERR_CONNECTION_REFUSED @ http://localhost:6006/@vite/client:1034
[129896314ms] [ERROR] WebSocket connection to 'ws://localhost:6006/' failed: Error in connection establishment: net::ERR_CONNECTION_REFUSED @ http://localhost:6006/@vite/client:1034
[129899514ms] [ERROR] WebSocket connection to 'ws://localhost:6006/' failed: Error in connection establishment: net::ERR_CONNECTION_REFUSED @ http://localhost:6006/@vite/client:1034
[129904554ms] [ERROR] WebSocket connection to 'ws://localhost:6006/' failed: Error in connection establishment: net::ERR_CONNECTION_REFUSED @ http://localhost:6006/@vite/client:1034
[129908142ms] [ERROR] WebSocket connection to 'ws://localhost:6006/' failed: Error in connection establishment: net::ERR_CONNECTION_REFUSED @ http://localhost:6006/@vite/client:1034
[129912220ms] [ERROR] WebSocket connection to 'ws://localhost:6006/' failed: Error in connection establishment: net::ERR_CONNECTION_REFUSED @ http://localhost:6006/@vite/client:1034
[129916583ms] [ERROR] WebSocket connection to 'ws://localhost:6006/' failed: Error in connection establishment: net::ERR_CONNECTION_REFUSED @ http://localhost:6006/@vite/client:1034
[129921064ms] [ERROR] WebSocket connection to 'ws://localhost:6006/' failed: Error in connection establishment: net::ERR_CONNECTION_REFUSED @ http://localhost:6006/@vite/client:1034
[129924378ms] [ERROR] WebSocket connection to 'ws://localhost:6006/' failed: Error in connection establishment: net::ERR_CONNECTION_REFUSED @ http://localhost:6006/@vite/client:1034
[129927281ms] [ERROR] WebSocket connection to 'ws://localhost:6006/' failed: Error in connection establishment: net::ERR_CONNECTION_REFUSED @ http://localhost:6006/@vite/client:1034
[129930088ms] [ERROR] WebSocket connection to 'ws://localhost:6006/' failed: Error in connection establishment: net::ERR_CONNECTION_REFUSED @ http://localhost:6006/@vite/client:1034
[129934797ms] [ERROR] WebSocket connection to 'ws://localhost:6006/' failed: Error in connection establishment: net::ERR_CONNECTION_REFUSED @ http://localhost:6006/@vite/client:1034
[129937913ms] [ERROR] WebSocket connection to 'ws://localhost:6006/' failed: Error in connection establishment: net::ERR_CONNECTION_REFUSED @ http://localhost:6006/@vite/client:1034
[129941793ms] [ERROR] WebSocket connection to 'ws://localhost:6006/' failed: Error in connection establishment: net::ERR_CONNECTION_REFUSED @ http://localhost:6006/@vite/client:1034
[129946703ms] [ERROR] WebSocket connection to 'ws://localhost:6006/' failed: Error in connection establishment: net::ERR_CONNECTION_REFUSED @ http://localhost:6006/@vite/client:1034
[129950320ms] [ERROR] WebSocket connection to 'ws://localhost:6006/' failed: Error in connection establishment: net::ERR_CONNECTION_REFUSED @ http://localhost:6006/@vite/client:1034
[129955383ms] [ERROR] WebSocket connection to 'ws://localhost:6006/' failed: Error in connection establishment: net::ERR_CONNECTION_REFUSED @ http://localhost:6006/@vite/client:1034
[129960433ms] [ERROR] WebSocket connection to 'ws://localhost:6006/' failed: Error in connection establishment: net::ERR_CONNECTION_REFUSED @ http://localhost:6006/@vite/client:1034
[129964380ms] [ERROR] WebSocket connection to 'ws://localhost:6006/' failed: Error in connection establishment: net::ERR_CONNECTION_REFUSED @ http://localhost:6006/@vite/client:1034
[129969409ms] [ERROR] WebSocket connection to 'ws://localhost:6006/' failed: Error in connection establishment: net::ERR_CONNECTION_REFUSED @ http://localhost:6006/@vite/client:1034
[129974727ms] [ERROR] WebSocket connection to 'ws://localhost:6006/' failed: Error in connection establishment: net::ERR_CONNECTION_REFUSED @ http://localhost:6006/@vite/client:1034
[129979074ms] [ERROR] WebSocket connection to 'ws://localhost:6006/' failed: Error in connection establishment: net::ERR_CONNECTION_REFUSED @ http://localhost:6006/@vite/client:1034
[129981165ms] [ERROR] WebSocket connection to 'ws://localhost:6006/' failed: Error in connection establishment: net::ERR_CONNECTION_REFUSED @ http://localhost:6006/@vite/client:1034
[129983905ms] [ERROR] WebSocket connection to 'ws://localhost:6006/' failed: Error in connection establishment: net::ERR_CONNECTION_REFUSED @ http://localhost:6006/@vite/client:1034
[129988685ms] [ERROR] WebSocket connection to 'ws://localhost:6006/' failed: Error in connection establishment: net::ERR_CONNECTION_REFUSED @ http://localhost:6006/@vite/client:1034
[129992786ms] [ERROR] WebSocket connection to 'ws://localhost:6006/' failed: Error in connection establishment: net::ERR_CONNECTION_REFUSED @ http://localhost:6006/@vite/client:1034
[129997219ms] [ERROR] WebSocket connection to 'ws://localhost:6006/' failed: Error in connection establishment: net::ERR_CONNECTION_REFUSED @ http://localhost:6006/@vite/client:1034
[130002534ms] [ERROR] WebSocket connection to 'ws://localhost:6006/' failed: Error in connection establishment: net::ERR_CONNECTION_REFUSED @ http://localhost:6006/@vite/client:1034
[130006246ms] [ERROR] WebSocket connection to 'ws://localhost:6006/' failed: Error in connection establishment: net::ERR_CONNECTION_REFUSED @ http://localhost:6006/@vite/client:1034
[130009159ms] [ERROR] WebSocket connection to 'ws://localhost:6006/' failed: Error in connection establishment: net::ERR_CONNECTION_REFUSED @ http://localhost:6006/@vite/client:1034
[130014337ms] [ERROR] WebSocket connection to 'ws://localhost:6006/' failed: Error in connection establishment: net::ERR_CONNECTION_REFUSED @ http://localhost:6006/@vite/client:1034
[130019113ms] [ERROR] WebSocket connection to 'ws://localhost:6006/' failed: Error in connection establishment: net::ERR_CONNECTION_REFUSED @ http://localhost:6006/@vite/client:1034
[130024106ms] [ERROR] WebSocket connection to 'ws://localhost:6006/' failed: Error in connection establishment: net::ERR_CONNECTION_REFUSED @ http://localhost:6006/@vite/client:1034
[130026875ms] [ERROR] WebSocket connection to 'ws://localhost:6006/' failed: Error in connection establishment: net::ERR_CONNECTION_REFUSED @ http://localhost:6006/@vite/client:1034
[130031540ms] [ERROR] WebSocket connection to 'ws://localhost:6006/' failed: Error in connection establishment: net::ERR_CONNECTION_REFUSED @ http://localhost:6006/@vite/client:1034
[130034634ms] [ERROR] WebSocket connection to 'ws://localhost:6006/' failed: Error in connection establishment: net::ERR_CONNECTION_REFUSED @ http://localhost:6006/@vite/client:1034
[130038073ms] [ERROR] WebSocket connection to 'ws://localhost:6006/' failed: Error in connection establishment: net::ERR_CONNECTION_REFUSED @ http://localhost:6006/@vite/client:1034
[130041234ms] [ERROR] WebSocket connection to 'ws://localhost:6006/' failed: Error in connection establishment: net::ERR_CONNECTION_REFUSED @ http://localhost:6006/@vite/client:1034
[130046490ms] [ERROR] WebSocket connection to 'ws://localhost:6006/' failed: Error in connection establishment: net::ERR_CONNECTION_REFUSED @ http://localhost:6006/@vite/client:1034
[130052247ms] [ERROR] WebSocket connection to 'ws://localhost:6006/' failed: Error in connection establishment: net::ERR_CONNECTION_REFUSED @ http://localhost:6006/@vite/client:1034
[130056563ms] [ERROR] WebSocket connection to 'ws://localhost:6006/' failed: Error in connection establishment: net::ERR_CONNECTION_REFUSED @ http://localhost:6006/@vite/client:1034
[130059833ms] [ERROR] WebSocket connection to 'ws://localhost:6006/' failed: Error in connection establishment: net::ERR_CONNECTION_REFUSED @ http://localhost:6006/@vite/client:1034
[130063414ms] [ERROR] WebSocket connection to 'ws://localhost:6006/' failed: Error in connection establishment: net::ERR_CONNECTION_REFUSED @ http://localhost:6006/@vite/client:1034
[130065711ms] [ERROR] WebSocket connection to 'ws://localhost:6006/' failed: Error in connection establishment: net::ERR_CONNECTION_REFUSED @ http://localhost:6006/@vite/client:1034
[130070954ms] [ERROR] WebSocket connection to 'ws://localhost:6006/' failed: Error in connection establishment: net::ERR_CONNECTION_REFUSED @ http://localhost:6006/@vite/client:1034
[130074255ms] [ERROR] WebSocket connection to 'ws://localhost:6006/' failed: Error in connection establishment: net::ERR_CONNECTION_REFUSED @ http://localhost:6006/@vite/client:1034
[130078959ms] [ERROR] WebSocket connection to 'ws://localhost:6006/' failed: Error in connection establishment: net::ERR_CONNECTION_REFUSED @ http://localhost:6006/@vite/client:1034
[130083413ms] [ERROR] WebSocket connection to 'ws://localhost:6006/' failed: Error in connection establishment: net::ERR_CONNECTION_REFUSED @ http://localhost:6006/@vite/client:1034
[130087941ms] [ERROR] WebSocket connection to 'ws://localhost:6006/' failed: Error in connection establishment: net::ERR_CONNECTION_REFUSED @ http://localhost:6006/@vite/client:1034
[130093447ms] [ERROR] WebSocket connection to 'ws://localhost:6006/' failed: Error in connection establishment: net::ERR_CONNECTION_REFUSED @ http://localhost:6006/@vite/client:1034
[130098128ms] [ERROR] WebSocket connection to 'ws://localhost:6006/' failed: Error in connection establishment: net::ERR_CONNECTION_REFUSED @ http://localhost:6006/@vite/client:1034
[130102106ms] [ERROR] WebSocket connection to 'ws://localhost:6006/' failed: Error in connection establishment: net::ERR_CONNECTION_REFUSED @ http://localhost:6006/@vite/client:1034
[130107842ms] [ERROR] WebSocket connection to 'ws://localhost:6006/' failed: Error in connection establishment: net::ERR_CONNECTION_REFUSED @ http://localhost:6006/@vite/client:1034
[130113425ms] [ERROR] WebSocket connection to 'ws://localhost:6006/' failed: Error in connection establishment: net::ERR_CONNECTION_REFUSED @ http://localhost:6006/@vite/client:1034
[130115589ms] [ERROR] WebSocket connection to 'ws://localhost:6006/' failed: Error in connection establishment: net::ERR_CONNECTION_REFUSED @ http://localhost:6006/@vite/client:1034
[130119005ms] [ERROR] WebSocket connection to 'ws://localhost:6006/' failed: Error in connection establishment: net::ERR_CONNECTION_REFUSED @ http://localhost:6006/@vite/client:1034
[130122602ms] [ERROR] WebSocket connection to 'ws://localhost:6006/' failed: Error in connection establishment: net::ERR_CONNECTION_REFUSED @ http://localhost:6006/@vite/client:1034
[130127663ms] [ERROR] WebSocket connection to 'ws://localhost:6006/' failed: Error in connection establishment: net::ERR_CONNECTION_REFUSED @ http://localhost:6006/@vite/client:1034
[130131118ms] [ERROR] WebSocket connection to 'ws://localhost:6006/' failed: Error in connection establishment: net::ERR_CONNECTION_REFUSED @ http://localhost:6006/@vite/client:1034
[130133309ms] [ERROR] WebSocket connection to 'ws://localhost:6006/' failed: Error in connection establishment: net::ERR_CONNECTION_REFUSED @ http://localhost:6006/@vite/client:1034
[130139128ms] [ERROR] WebSocket connection to 'ws://localhost:6006/' failed: Error in connection establishment: net::ERR_CONNECTION_REFUSED @ http://localhost:6006/@vite/client:1034
[130141610ms] [ERROR] WebSocket connection to 'ws://localhost:6006/' failed: Error in connection establishment: net::ERR_CONNECTION_REFUSED @ http://localhost:6006/@vite/client:1034
[130146614ms] [ERROR] WebSocket connection to 'ws://localhost:6006/' failed: Error in connection establishment: net::ERR_CONNECTION_REFUSED @ http://localhost:6006/@vite/client:1034
[130150263ms] [ERROR] WebSocket connection to 'ws://localhost:6006/' failed: Error in connection establishment: net::ERR_CONNECTION_REFUSED @ http://localhost:6006/@vite/client:1034
[130152914ms] [ERROR] WebSocket connection to 'ws://localhost:6006/' failed: Error in connection establishment: net::ERR_CONNECTION_REFUSED @ http://localhost:6006/@vite/client:1034
[130158687ms] [ERROR] WebSocket connection to 'ws://localhost:6006/' failed: Error in connection establishment: net::ERR_CONNECTION_REFUSED @ http://localhost:6006/@vite/client:1034
[130163264ms] [ERROR] WebSocket connection to 'ws://localhost:6006/' failed: Error in connection establishment: net::ERR_CONNECTION_REFUSED @ http://localhost:6006/@vite/client:1034
[130165539ms] [ERROR] WebSocket connection to 'ws://localhost:6006/' failed: Error in connection establishment: net::ERR_CONNECTION_REFUSED @ http://localhost:6006/@vite/client:1034
[130168271ms] [ERROR] WebSocket connection to 'ws://localhost:6006/' failed: Error in connection establishment: net::ERR_CONNECTION_REFUSED @ http://localhost:6006/@vite/client:1034
[130173244ms] [ERROR] WebSocket connection to 'ws://localhost:6006/' failed: Error in connection establishment: net::ERR_CONNECTION_REFUSED @ http://localhost:6006/@vite/client:1034
[130178482ms] [ERROR] WebSocket connection to 'ws://localhost:6006/' failed: Error in connection establishment: net::ERR_CONNECTION_REFUSED @ http://localhost:6006/@vite/client:1034
[130182288ms] [ERROR] WebSocket connection to 'ws://localhost:6006/' failed: Error in connection establishment: net::ERR_CONNECTION_REFUSED @ http://localhost:6006/@vite/client:1034
[130186904ms] [ERROR] WebSocket connection to 'ws://localhost:6006/' failed: Error in connection establishment: net::ERR_CONNECTION_REFUSED @ http://localhost:6006/@vite/client:1034
[130191066ms] [ERROR] WebSocket connection to 'ws://localhost:6006/' failed: Error in connection establishment: net::ERR_CONNECTION_REFUSED @ http://localhost:6006/@vite/client:1034
[130194200ms] [ERROR] WebSocket connection to 'ws://localhost:6006/' failed: Error in connection establishment: net::ERR_CONNECTION_REFUSED @ http://localhost:6006/@vite/client:1034
[130199338ms] [ERROR] WebSocket connection to 'ws://localhost:6006/' failed: Error in connection establishment: net::ERR_CONNECTION_REFUSED @ http://localhost:6006/@vite/client:1034
[130201921ms] [ERROR] WebSocket connection to 'ws://localhost:6006/' failed: Error in connection establishment: net::ERR_CONNECTION_REFUSED @ http://localhost:6006/@vite/client:1034
[130205303ms] [ERROR] WebSocket connection to 'ws://localhost:6006/' failed: Error in connection establishment: net::ERR_CONNECTION_REFUSED @ http://localhost:6006/@vite/client:1034
[130210771ms] [ERROR] WebSocket connection to 'ws://localhost:6006/' failed: Error in connection establishment: net::ERR_CONNECTION_REFUSED @ http://localhost:6006/@vite/client:1034
[130214143ms] [ERROR] WebSocket connection to 'ws://localhost:6006/' failed: Error in connection establishment: net::ERR_CONNECTION_REFUSED @ http://localhost:6006/@vite/client:1034
[130220154ms] [ERROR] WebSocket connection to 'ws://localhost:6006/' failed: Error in connection establishment: net::ERR_CONNECTION_REFUSED @ http://localhost:6006/@vite/client:1034
[130224536ms] [ERROR] WebSocket connection to 'ws://localhost:6006/' failed: Error in connection establishment: net::ERR_CONNECTION_REFUSED @ http://localhost:6006/@vite/client:1034
[130227294ms] [ERROR] WebSocket connection to 'ws://localhost:6006/' failed: Error in connection establishment: net::ERR_CONNECTION_REFUSED @ http://localhost:6006/@vite/client:1034
[130230613ms] [ERROR] WebSocket connection to 'ws://localhost:6006/' failed: Error in connection establishment: net::ERR_CONNECTION_REFUSED @ http://localhost:6006/@vite/client:1034
[130232971ms] [ERROR] WebSocket connection to 'ws://localhost:6006/' failed: Error in connection establishment: net::ERR_CONNECTION_REFUSED @ http://localhost:6006/@vite/client:1034
[130238701ms] [ERROR] WebSocket connection to 'ws://localhost:6006/' failed: Error in connection establishment: net::ERR_CONNECTION_REFUSED @ http://localhost:6006/@vite/client:1034
[130242904ms] [ERROR] WebSocket connection to 'ws://localhost:6006/' failed: Error in connection establishment: net::ERR_CONNECTION_REFUSED @ http://localhost:6006/@vite/client:1034
[130248469ms] [ERROR] WebSocket connection to 'ws://localhost:6006/' failed: Error in connection establishment: net::ERR_CONNECTION_REFUSED @ http://localhost:6006/@vite/client:1034
[130251579ms] [ERROR] WebSocket connection to 'ws://localhost:6006/' failed: Error in connection establishment: net::ERR_CONNECTION_REFUSED @ http://localhost:6006/@vite/client:1034
[130256563ms] [ERROR] WebSocket connection to 'ws://localhost:6006/' failed: Error in connection establishment: net::ERR_CONNECTION_REFUSED @ http://localhost:6006/@vite/client:1034
[130259667ms] [ERROR] WebSocket connection to 'ws://localhost:6006/' failed: Error in connection establishment: net::ERR_CONNECTION_REFUSED @ http://localhost:6006/@vite/client:1034
[130263343ms] [ERROR] WebSocket connection to 'ws://localhost:6006/' failed: Error in connection establishment: net::ERR_CONNECTION_REFUSED @ http://localhost:6006/@vite/client:1034
[130268550ms] [ERROR] WebSocket connection to 'ws://localhost:6006/' failed: Error in connection establishment: net::ERR_CONNECTION_REFUSED @ http://localhost:6006/@vite/client:1034
[130274336ms] [ERROR] WebSocket connection to 'ws://localhost:6006/' failed: Error in connection establishment: net::ERR_CONNECTION_REFUSED @ http://localhost:6006/@vite/client:1034
[130278721ms] [ERROR] WebSocket connection to 'ws://localhost:6006/' failed: Error in connection establishment: net::ERR_CONNECTION_REFUSED @ http://localhost:6006/@vite/client:1034
[130284499ms] [ERROR] WebSocket connection to 'ws://localhost:6006/' failed: Error in connection establishment: net::ERR_CONNECTION_REFUSED @ http://localhost:6006/@vite/client:1034
[130289846ms] [ERROR] WebSocket connection to 'ws://localhost:6006/' failed: Error in connection establishment: net::ERR_CONNECTION_REFUSED @ http://localhost:6006/@vite/client:1034
[130294288ms] [ERROR] WebSocket connection to 'ws://localhost:6006/' failed: Error in connection establishment: net::ERR_CONNECTION_REFUSED @ http://localhost:6006/@vite/client:1034
[130298596ms] [ERROR] WebSocket connection to 'ws://localhost:6006/' failed: Error in connection establishment: net::ERR_CONNECTION_REFUSED @ http://localhost:6006/@vite/client:1034
[130302614ms] [ERROR] WebSocket connection to 'ws://localhost:6006/' failed: Error in connection establishment: net::ERR_CONNECTION_REFUSED @ http://localhost:6006/@vite/client:1034
[130308559ms] [ERROR] WebSocket connection to 'ws://localhost:6006/' failed: Error in connection establishment: net::ERR_CONNECTION_REFUSED @ http://localhost:6006/@vite/client:1034
[130314184ms] [ERROR] WebSocket connection to 'ws://localhost:6006/' failed: Error in connection establishment: net::ERR_CONNECTION_REFUSED @ http://localhost:6006/@vite/client:1034
[130319214ms] [ERROR] WebSocket connection to 'ws://localhost:6006/' failed: Error in connection establishment: net::ERR_CONNECTION_REFUSED @ http://localhost:6006/@vite/client:1034
[130321355ms] [ERROR] WebSocket connection to 'ws://localhost:6006/' failed: Error in connection establishment: net::ERR_CONNECTION_REFUSED @ http://localhost:6006/@vite/client:1034
[130326921ms] [ERROR] WebSocket connection to 'ws://localhost:6006/' failed: Error in connection establishment: net::ERR_CONNECTION_REFUSED @ http://localhost:6006/@vite/client:1034
[130332885ms] [ERROR] WebSocket connection to 'ws://localhost:6006/' failed: Error in connection establishment: net::ERR_CONNECTION_REFUSED @ http://localhost:6006/@vite/client:1034
[130337675ms] [ERROR] WebSocket connection to 'ws://localhost:6006/' failed: Error in connection establishment: net::ERR_CONNECTION_REFUSED @ http://localhost:6006/@vite/client:1034
[130342661ms] [ERROR] WebSocket connection to 'ws://localhost:6006/' failed: Error in connection establishment: net::ERR_CONNECTION_REFUSED @ http://localhost:6006/@vite/client:1034
[130348455ms] [ERROR] WebSocket connection to 'ws://localhost:6006/' failed: Error in connection establishment: net::ERR_CONNECTION_REFUSED @ http://localhost:6006/@vite/client:1034
[130353621ms] [ERROR] WebSocket connection to 'ws://localhost:6006/' failed: Error in connection establishment: net::ERR_CONNECTION_REFUSED @ http://localhost:6006/@vite/client:1034
[130357125ms] [ERROR] WebSocket connection to 'ws://localhost:6006/' failed: Error in connection establishment: net::ERR_CONNECTION_REFUSED @ http://localhost:6006/@vite/client:1034
[130360720ms] [ERROR] WebSocket connection to 'ws://localhost:6006/' failed: Error in connection establishment: net::ERR_CONNECTION_REFUSED @ http://localhost:6006/@vite/client:1034
[130364966ms] [ERROR] WebSocket connection to 'ws://localhost:6006/' failed: Error in connection establishment: net::ERR_CONNECTION_REFUSED @ http://localhost:6006/@vite/client:1034
[130367484ms] [ERROR] WebSocket connection to 'ws://localhost:6006/' failed: Error in connection establishment: net::ERR_CONNECTION_REFUSED @ http://localhost:6006/@vite/client:1034
[130372537ms] [ERROR] WebSocket connection to 'ws://localhost:6006/' failed: Error in connection establishment: net::ERR_CONNECTION_REFUSED @ http://localhost:6006/@vite/client:1034
[130378565ms] [ERROR] WebSocket connection to 'ws://localhost:6006/' failed: Error in connection establishment: net::ERR_CONNECTION_REFUSED @ http://localhost:6006/@vite/client:1034
[130384487ms] [ERROR] WebSocket connection to 'ws://localhost:6006/' failed: Error in connection establishment: net::ERR_CONNECTION_REFUSED @ http://localhost:6006/@vite/client:1034
[130386869ms] [ERROR] WebSocket connection to 'ws://localhost:6006/' failed: Error in connection establishment: net::ERR_CONNECTION_REFUSED @ http://localhost:6006/@vite/client:1034
[130390577ms] [ERROR] WebSocket connection to 'ws://localhost:6006/' failed: Error in connection establishment: net::ERR_CONNECTION_REFUSED @ http://localhost:6006/@vite/client:1034
[130395284ms] [ERROR] WebSocket connection to 'ws://localhost:6006/' failed: Error in connection establishment: net::ERR_CONNECTION_REFUSED @ http://localhost:6006/@vite/client:1034
[130398836ms] [ERROR] WebSocket connection to 'ws://localhost:6006/' failed: Error in connection establishment: net::ERR_CONNECTION_REFUSED @ http://localhost:6006/@vite/client:1034
[130404611ms] [ERROR] WebSocket connection to 'ws://localhost:6006/' failed: Error in connection establishment: net::ERR_CONNECTION_REFUSED @ http://localhost:6006/@vite/client:1034
[130407142ms] [ERROR] WebSocket connection to 'ws://localhost:6006/' failed: Error in connection establishment: net::ERR_CONNECTION_REFUSED @ http://localhost:6006/@vite/client:1034
[130410134ms] [ERROR] WebSocket connection to 'ws://localhost:6006/' failed: Error in connection establishment: net::ERR_CONNECTION_REFUSED @ http://localhost:6006/@vite/client:1034
[130413841ms] [ERROR] WebSocket connection to 'ws://localhost:6006/' failed: Error in connection establishment: net::ERR_CONNECTION_REFUSED @ http://localhost:6006/@vite/client:1034
[130419632ms] [ERROR] WebSocket connection to 'ws://localhost:6006/' failed: Error in connection establishment: net::ERR_CONNECTION_REFUSED @ http://localhost:6006/@vite/client:1034
[130421784ms] [ERROR] WebSocket connection to 'ws://localhost:6006/' failed: Error in connection establishment: net::ERR_CONNECTION_REFUSED @ http://localhost:6006/@vite/client:1034
[130425291ms] [ERROR] WebSocket connection to 'ws://localhost:6006/' failed: Error in connection establishment: net::ERR_CONNECTION_REFUSED @ http://localhost:6006/@vite/client:1034
[130427578ms] [ERROR] WebSocket connection to 'ws://localhost:6006/' failed: Error in connection establishment: net::ERR_CONNECTION_REFUSED @ http://localhost:6006/@vite/client:1034
[130430920ms] [ERROR] WebSocket connection to 'ws://localhost:6006/' failed: Error in connection establishment: net::ERR_CONNECTION_REFUSED @ http://localhost:6006/@vite/client:1034
[130434842ms] [ERROR] WebSocket connection to 'ws://localhost:6006/' failed: Error in connection establishment: net::ERR_CONNECTION_REFUSED @ http://localhost:6006/@vite/client:1034
[130440196ms] [ERROR] WebSocket connection to 'ws://localhost:6006/' failed: Error in connection establishment: net::ERR_CONNECTION_REFUSED @ http://localhost:6006/@vite/client:1034
[130444375ms] [ERROR] WebSocket connection to 'ws://localhost:6006/' failed: Error in connection establishment: net::ERR_CONNECTION_REFUSED @ http://localhost:6006/@vite/client:1034
[130447254ms] [ERROR] WebSocket connection to 'ws://localhost:6006/' failed: Error in connection establishment: net::ERR_CONNECTION_REFUSED @ http://localhost:6006/@vite/client:1034
[130449834ms] [ERROR] WebSocket connection to 'ws://localhost:6006/' failed: Error in connection establishment: net::ERR_CONNECTION_REFUSED @ http://localhost:6006/@vite/client:1034
[130455646ms] [ERROR] WebSocket connection to 'ws://localhost:6006/' failed: Error in connection establishment: net::ERR_CONNECTION_REFUSED @ http://localhost:6006/@vite/client:1034
[130460160ms] [ERROR] WebSocket connection to 'ws://localhost:6006/' failed: Error in connection establishment: net::ERR_CONNECTION_REFUSED @ http://localhost:6006/@vite/client:1034
[130465470ms] [ERROR] WebSocket connection to 'ws://localhost:6006/' failed: Error in connection establishment: net::ERR_CONNECTION_REFUSED @ http://localhost:6006/@vite/client:1034
[130471159ms] [ERROR] WebSocket connection to 'ws://localhost:6006/' failed: Error in connection establishment: net::ERR_CONNECTION_REFUSED @ http://localhost:6006/@vite/client:1034
[130473313ms] [ERROR] WebSocket connection to 'ws://localhost:6006/' failed: Error in connection establishment: net::ERR_CONNECTION_REFUSED @ http://localhost:6006/@vite/client:1034
[130477063ms] [ERROR] WebSocket connection to 'ws://localhost:6006/' failed: Error in connection establishment: net::ERR_CONNECTION_REFUSED @ http://localhost:6006/@vite/client:1034
